Date,GPR,GPR_change
1985-01-31,102.173377990723,
1985-02-28,117.102020263672,14.928642272949006
1985-03-31,124.77815246582,7.676132202147997
1985-04-30,87.9290008544922,-36.8491516113278
1985-05-31,103.262847900391,15.333847045898793
1985-06-30,148.782821655273,45.51997375488202
1985-07-31,133.905426025391,-14.877395629882017
1985-08-31,82.7841033935547,-51.12132263183629
1985-09-30,102.434494018555,19.6503906250003
1985-10-31,105.991912841797,3.5574188232420028
1985-11-30,94.8481826782227,-11.143730163574304
1985-12-31,96.4211654663086,1.5729827880858949
1986-01-31,135.360748291016,38.9395828247074
1986-02-28,98.7500305175781,-36.6107177734379
1986-03-31,98.6766738891602,-0.0733566284178977
1986-04-30,148.313858032227,49.63718414306679
1986-05-31,117.38924407959,-30.92461395263699
1986-06-30,96.2942504882813,-21.094993591308693
1986-07-31,94.701789855957,-1.592460632324304
1986-08-31,103.34593963623,8.644149780272997
1986-09-30,117.107887268066,13.761947631835994
1986-10-31,96.7924346923828,-20.315452575683196
1986-11-30,109.772819519043,12.980384826660199
1986-12-31,89.753776550293,-20.01904296875
1987-01-31,96.9428176879883,7.189041137695298
1987-02-28,100.683349609375,3.7405319213867045
1987-03-31,89.6077194213867,-11.075630187988295
1987-04-30,113.394081115723,23.786361694336293
1987-05-31,98.6509170532227,-14.743164062500298
1987-06-30,94.1824035644531,-4.468513488769602
1987-07-31,98.8719635009766,4.6895599365235086
1987-08-31,99.9684448242188,1.0964813232422017
1987-09-30,121.16707611084,21.198631286621193
1987-10-31,101.058586120605,-20.108489990235
1987-11-30,96.1534881591797,-4.905097961425298
1987-12-31,109.856384277344,13.702896118164304
1988-01-31,83.201530456543,-26.65485382080101
1988-02-29,86.2061462402344,3.0046157836914062
1988-03-31,110.206512451172,24.0003662109376
1988-04-30,119.45051574707,9.244003295897997
1988-05-31,104.873474121094,-14.577041625975994
1988-06-30,79.708122253418,-25.16535186767601
1988-07-31,83.4304809570313,3.7223587036133097
1988-08-31,84.0541610717773,0.6236801147459943
1988-09-30,74.842658996582,-9.211502075195298
1988-10-31,73.4502334594727,-1.392425537109304
1988-11-30,68.7984161376953,-4.651817321777401
1988-12-31,90.3987197875977,21.6003036499024
1989-01-31,89.2465896606445,-1.152130126953196
1989-02-28,91.6185531616211,2.371963500976591
1989-03-31,87.733772277832,-3.884780883789091
1989-04-30,83.5790939331055,-4.154678344726506
1989-05-31,103.828506469727,20.249412536621506
1989-06-30,89.461555480957,-14.36695098877
1989-07-31,84.7531051635742,-4.708450317382798
1989-08-31,109.177291870117,24.424186706542798
1989-09-30,85.5458450317383,-23.631446838378707
1989-10-31,69.5246734619141,-16.02117156982419
1989-11-30,92.8287124633789,23.3040390014648
1989-12-31,112.553527832031,19.724815368652088
1990-01-31,81.5440444946289,-31.009483337402088
1990-02-28,77.4072113037109,-4.136833190918011
1990-03-31,67.5919418334961,-9.815269470214801
1990-04-30,81.6438446044922,14.051902770996108
1990-05-31,86.4071197509766,4.763275146484403
1990-06-30,79.6811065673828,-6.726013183593807
1990-07-31,85.7874298095703,6.1063232421875
1990-08-31,250.451080322266,164.6636505126957
1990-09-30,188.660537719727,-61.790542602539006
1990-10-31,143.852569580078,-44.80796813964898
1990-11-30,158.743545532227,14.890975952148978
1990-12-31,153.16242980957,-5.581115722656989
1991-01-31,379.249786376953,226.087356567383
1991-02-28,339.358032226563,-39.89175415039
1991-03-31,148.618316650391,-190.73971557617202
1991-04-30,97.760009765625,-50.858306884765994
1991-05-31,88.5690231323242,-9.190986633300795
1991-06-30,87.7338333129883,-0.8351898193359091
1991-07-31,115.184677124023,27.4508438110347
1991-08-31,113.495025634766,-1.6896514892570025
1991-09-30,117.942192077637,4.4471664428710085
1991-10-31,100.831809997559,-17.110382080077997
1991-11-30,100.742332458496,-0.08947753906301159
1991-12-31,103.969535827637,3.2272033691410087
1992-01-31,102.957633972168,-1.0119018554690058
1992-02-29,87.2034683227539,-15.754165649414091
1992-03-31,85.2973175048828,-1.906150817871108
1992-04-30,85.8556213378906,0.5583038330077983
1992-05-31,78.968147277832,-6.887474060058594
1992-06-30,93.8490905761719,14.8809432983399
1992-07-31,75.1967697143555,-18.652320861816406
1992-08-31,81.6451950073242,6.448425292968707
1992-09-30,74.6097183227539,-7.035476684570298
1992-10-31,68.1827774047852,-6.426940917968707
1992-11-30,91.0089950561523,22.826217651367102
1992-12-31,83.4209671020508,-7.588027954101506
1993-01-31,128.918075561523,45.497108459472216
1993-02-28,90.4680633544922,-38.45001220703081
1993-03-31,94.2414474487305,3.7733840942382955
1993-04-30,112.721664428711,18.480216979980497
1993-05-31,110.729751586914,-1.9919128417969887
1993-06-30,104.195251464844,-6.53450012207
1993-07-31,123.314788818359,19.119537353515
1993-08-31,97.2416763305664,-26.0731124877926
1993-09-30,89.1647796630859,-8.076896667480511
1993-10-31,106.165908813477,17.001129150391108
1993-11-30,83.4801788330078,-22.685729980469205
1993-12-31,79.5517959594727,-3.9283828735350994
1994-01-31,83.4899749755859,3.938179016113196
1994-02-28,117.242065429688,33.7520904541021
1994-03-31,93.4740371704102,-23.7680282592778
1994-04-30,95.3569717407227,1.8829345703125
1994-05-31,104.466789245605,9.109817504882301
1994-06-30,120.352241516113,15.885452270507997
1994-07-31,99.6402359008789,-20.71200561523409
1994-08-31,98.2270278930664,-1.4132080078125
1994-09-30,98.8984832763672,0.6714553833007955
1994-10-31,94.853630065918,-4.0448532104492045
1994-11-30,86.5298080444336,-8.323822021484403
1994-12-31,96.0475006103516,9.517692565918011
1995-01-31,80.1546783447266,-15.892822265625
1995-02-28,76.8753280639648,-3.279350280761804
1995-03-31,82.2444458007813,5.369117736816506
1995-04-30,99.1908798217773,16.946434020995994
1995-05-31,87.842529296875,-11.348350524902301
1995-06-30,104.607757568359,16.765228271484006
1995-07-31,107.645416259766,3.037658691406989
1995-08-31,106.934783935547,-0.7106323242189916
1995-09-30,71.2051696777344,-35.7296142578126
1995-10-31,67.7415008544922,-3.4636688232422017
1995-11-30,76.33349609375,8.591995239257798
1995-12-31,65.6720581054688,-10.661437988281193
1996-01-31,75.6349258422852,9.962867736816392
1996-02-29,80.4209213256836,4.785995483398395
1996-03-31,82.1476135253906,1.7266921997070028
1996-04-30,84.8286209106445,2.6810073852539062
1996-05-31,65.5308227539063,-19.297798156738196
1996-06-30,69.0885848999023,3.5577621459959943
1996-07-31,80.6443176269531,11.555732727050795
1996-08-31,81.6876449584961,1.0433273315429972
1996-09-30,88.1969757080078,6.5093307495117045
1996-10-31,55.5868301391602,-32.6101455688476
1996-11-30,57.344612121582,1.757781982421804
1996-12-31,74.9826354980469,17.6380233764649
1997-01-31,54.0624351501465,-20.920200347900405
1997-02-28,50.5599403381348,-3.5024948120116974
1997-03-31,58.4800605773926,7.920120239257798
1997-04-30,62.8444862365723,4.364425659179702
1997-05-31,53.5760154724121,-9.268470764160199
1997-06-30,39.0456237792969,-14.530391693115199
1997-07-31,47.6984252929688,8.652801513671896
1997-08-31,48.5822982788086,0.8838729858398011
1997-09-30,42.6890869140625,-5.893211364746101
1997-10-31,49.7463073730469,7.057220458984403
1997-11-30,59.6933708190918,9.947063446044893
1997-12-31,43.9982681274414,-15.695102691650398
1998-01-31,53.0963020324707,9.098033905029304
1998-02-28,77.5976181030273,24.501316070556598
1998-03-31,57.2480621337891,-20.349555969238203
1998-04-30,50.99658203125,-6.251480102539098
1998-05-31,94.4734878540039,43.476905822753906
1998-06-30,76.3090744018555,-18.16441345214841
1998-07-31,54.0484161376953,-22.2606582641602
1998-08-31,97.0208587646484,42.9724426269531
1998-09-30,62.5134429931641,-34.5074157714843
1998-10-31,54.4036483764648,-8.109794616699297
1998-11-30,67.9659271240234,13.562278747558594
1998-12-31,75.9598922729492,7.99396514892581
1999-01-31,63.9872245788574,-11.972667694091804
1999-02-28,58.3163833618164,-5.670841217041001
1999-03-31,83.3972778320313,25.080894470214908
1999-04-30,106.198013305664,22.8007354736327
1999-05-31,85.4411315917969,-20.756881713867102
1999-06-30,79.4105453491211,-6.03058624267581
1999-07-31,62.1428718566895,-17.26767349243159
1999-08-31,62.858642578125,0.7157707214354971
1999-09-30,69.5815124511719,6.722869873046903
1999-10-31,72.3534851074219,2.77197265625
1999-11-30,57.9638671875,-14.389617919921903
1999-12-31,86.0849380493164,28.121070861816406
2000-01-31,64.4578094482422,-21.627128601074205
2000-02-29,63.5417213439941,-0.9160881042481037
2000-03-31,50.1019859313965,-13.4397354125976
2000-04-30,48.6827392578125,-1.4192466735839986
2000-05-31,79.4828796386719,30.800140380859403
2000-06-30,64.7178192138672,-14.765060424804702
2000-07-31,51.9040222167969,-12.813796997070298
2000-08-31,46.4922561645508,-5.411766052246101
2000-09-30,52.689998626709,6.197742462158196
2000-10-31,76.4565277099609,23.766529083251896
2000-11-30,45.0605621337891,-31.395965576171797
2000-12-31,45.3950996398926,0.3345375061035014
2001-01-31,46.8995552062988,1.5044555664062003
2001-02-28,55.0877113342285,8.188156127929702
2001-03-31,61.7089538574219,6.621242523193402
2001-04-30,50.5687370300293,-11.140216827392607
2001-05-31,60.3768615722656,9.8081245422363
2001-06-30,72.064338684082,11.687477111816406
2001-07-31,61.072940826416,-10.991397857666001
2001-08-31,64.1077346801758,3.034793853759794
2001-09-30,498.647888183594,434.5401535034182
2001-10-31,512.529724121094,13.8818359375
2001-11-30,306.785888671875,-205.74383544921898
2001-12-31,236.099746704102,-70.68614196777301
2002-01-31,172.477203369141,-63.622543334960994
2002-02-28,146.18571472168,-26.291488647460994
2002-03-31,151.976364135742,5.790649414061988
2002-04-30,157.496551513672,5.52018737793
2002-05-31,163.322311401367,5.825759887695
2002-06-30,149.330429077148,-13.991882324218977
2002-07-31,122.778343200684,-26.552085876464005
2002-08-31,127.064514160156,4.286170959471988
2002-09-30,174.903335571289,47.83882141113301
2002-10-31,172.031921386719,-2.87141418457
2002-11-30,159.127593994141,-12.904327392578011
2002-12-31,175.811721801758,16.684127807617017
2003-01-31,206.434600830078,30.62287902832
2003-02-28,239.610931396484,33.176330566405994
2003-03-31,358.711181640625,119.100250244141
2003-04-30,255.775177001953,-102.93600463867199
2003-05-31,162.121871948242,-93.65330505371102
2003-06-30,145.769729614258,-16.352142333983977
2003-07-31,134.898910522461,-10.870819091797017
2003-08-31,138.230926513672,3.3320159912109943
2003-09-30,118.196281433105,-20.03464508056699
2003-10-31,108.3173828125,-9.878898620605
2003-11-30,118.086692810059,9.769309997559006
2003-12-31,129.465072631836,11.378379821776988
2004-01-31,113.467590332031,-15.997482299805
2004-02-29,115.075973510742,1.6083831787110086
2004-03-31,138.532073974609,23.456100463867003
2004-04-30,149.631393432617,11.099319458007983
2004-05-31,121.091186523438,-28.54020690917899
2004-06-30,137.233917236328,16.142730712890014
2004-07-31,131.01985168457,-6.2140655517580115
2004-08-31,140.365829467773,9.345977783203011
2004-09-30,153.871612548828,13.505783081055
2004-10-31,119.86279296875,-34.00881958007801
2004-11-30,122.707389831543,2.844596862792997
2004-12-31,109.895225524902,-12.812164306640994
2005-01-31,100.887588500977,-9.007637023925
2005-02-28,108.977966308594,8.090377807617003
2005-03-31,90.4104843139648,-18.567481994629205
2005-04-30,87.0324020385742,-3.3780822753905966
2005-05-31,98.2059631347656,11.173561096191392
2005-06-30,81.1240539550781,-17.0819091796875
2005-07-31,165.901916503906,84.7778625488279
2005-08-31,116.227661132813,-49.674255371093
2005-09-30,103.807662963867,-12.419998168945995
2005-10-31,87.0618286132813,-16.745834350585696
2005-11-30,83.480094909668,-3.5817337036133097
2005-12-31,95.3502502441406,11.8701553344726
2006-01-31,94.5100173950195,-0.8402328491210938
2006-02-28,95.8581924438477,1.348175048828196
2006-03-31,92.7976226806641,-3.0605697631835938
2006-04-30,89.0158004760742,-3.7818222045899006
2006-05-31,85.2087783813477,-3.8070220947265057
2006-06-30,102.572769165039,17.363990783691307
2006-07-31,137.134826660156,34.56205749511699
2006-08-31,147.081115722656,9.9462890625
2006-09-30,111.724258422852,-35.35685729980399
2006-10-31,113.135299682617,1.4110412597649997
2006-11-30,88.778923034668,-24.356376647949006
2006-12-31,90.606559753418,1.82763671875
2007-01-31,97.9200439453125,7.313484191894503
2007-02-28,96.1693572998047,-1.7506866455077983
2007-03-31,87.3365020751953,-8.832855224609403
2007-04-30,76.6133804321289,-10.723121643066392
2007-05-31,92.5995864868164,15.9862060546875
2007-06-30,97.9723129272461,5.3727264404296875
2007-07-31,112.346252441406,14.3739395141599
2007-08-31,83.1732025146484,-29.1730499267576
2007-09-30,94.4888687133789,11.315666198730511
2007-10-31,101.473014831543,6.984146118164091
2007-11-30,89.7954483032227,-11.677566528320298
2007-12-31,94.9674911499023,5.172042846679602
2008-01-31,81.4998245239258,-13.467666625976506
2008-02-29,80.75146484375,-0.7483596801757955
2008-03-31,77.6361389160156,-3.1153259277344034
2008-04-30,71.9048080444336,-5.731330871582003
2008-05-31,72.5737991333008,0.6689910888672017
2008-06-30,87.5484237670898,14.974624633789006
2008-07-31,89.7395706176758,2.1911468505859943
2008-08-31,88.5541076660156,-1.1854629516601989
2008-09-30,88.5425567626953,-0.01155090332029829
2008-10-31,64.159797668457,-24.382759094238295
2008-11-30,79.0809707641602,14.921173095703196
2008-12-31,92.3664321899414,13.285461425781207
2009-01-31,85.3694763183594,-6.996955871582003
2009-02-28,67.4526748657227,-17.916801452636705
2009-03-31,72.6446228027344,5.1919479370117045
2009-04-30,85.6884994506836,13.04387664794919
2009-05-31,89.6808624267578,3.9923629760742045
2009-06-30,81.1095886230469,-8.571273803710895
2009-07-31,83.4396209716797,2.3300323486327983
2009-08-31,73.3718795776367,-10.067741394042997
2009-09-30,92.8399887084961,19.46810913085939
2009-10-31,90.5764007568359,-2.263587951660199
2009-11-30,82.1017608642578,-8.474639892578097
2009-12-31,92.9469146728516,10.845153808593807
2010-01-31,91.5810241699219,-1.3658905029297017
2010-02-28,80.7253570556641,-10.855667114257798
2010-03-31,74.116943359375,-6.608413696289105
2010-04-30,88.7615814208984,14.644638061523395
2010-05-31,88.9587097167969,0.19712829589850855
2010-06-30,96.4536972045898,7.494987487792898
2010-07-31,79.3813781738281,-17.072319030761705
2010-08-31,80.9938659667969,1.6124877929688068
2010-09-30,71.1685485839844,-9.8253173828125
2010-10-31,65.9919357299805,-5.176612854003906
2010-11-30,94.7051696777344,28.713233947753906
2010-12-31,97.2038955688477,2.4987258911132955
2011-01-31,79.4216156005859,-17.782279968261804
2011-02-28,90.0144882202148,10.592872619628906
2011-03-31,136.888305664063,46.87381744384821
2011-04-30,91.0177688598633,-45.870536804199716
2011-05-31,105.344917297363,14.327148437499702
2011-06-30,84.391845703125,-20.953071594237997
2011-07-31,78.9247589111328,-5.467086791992202
2011-08-31,86.9515686035156,8.026809692382798
2011-09-30,83.3504486083984,-3.6011199951172017
2011-10-31,76.3399353027344,-7.0105133056639914
2011-11-30,83.1576766967773,6.817741394042898
2011-12-31,85.3413238525391,2.183647155761804
2012-01-31,79.6349716186523,-5.706352233886804
2012-02-29,92.4458236694336,12.810852050781293
2012-03-31,88.7599792480469,-3.6858444213866903
2012-04-30,96.0166854858398,7.256706237792898
2012-05-31,78.1711578369141,-17.845527648925696
2012-06-30,77.8224334716797,-0.3487243652344034
2012-07-31,82.8080215454102,4.985588073730497
2012-08-31,74.8783569335938,-7.929664611816392
2012-09-30,69.2805099487305,-5.59784698486331
2012-10-31,81.6636657714844,12.383155822753906
2012-11-30,81.3896408081055,-0.27402496337890625
2012-12-31,74.8315582275391,-6.558082580566392
2013-01-31,90.6574935913086,15.825935363769489
2013-02-28,81.59033203125,-9.067161560058594
2013-03-31,75.8967208862305,-5.693611145019503
2013-04-30,95.1078720092773,19.211151123046804
2013-05-31,83.7173156738281,-11.390556335449205
2013-06-30,82.9730072021484,-0.7443084716797017
2013-07-31,73.9758148193359,-8.9971923828125
2013-08-31,90.9567489624023,16.980934143066406
2013-09-30,100.459327697754,9.502578735351705
2013-10-31,72.9531173706055,-27.50621032714851
2013-11-30,77.7790222167969,4.825904846191406
2013-12-31,70.3724899291992,-7.406532287597699
2014-01-31,77.9159698486328,7.543479919433594
2014-02-28,69.0035247802734,-8.912445068359403
2014-03-31,119.838554382324,50.83502960205061
2014-04-30,93.2215423583984,-26.61701202392561
2014-05-31,83.4288558959961,-9.792686462402301
2014-06-30,98.7671051025391,15.338249206543011
2014-07-31,138.753952026367,39.98684692382788
2014-08-31,136.445587158203,-2.3083648681639772
2014-09-30,131.556655883789,-4.888931274414006
2014-10-31,83.661003112793,-47.89565277099601
2014-11-30,84.3800506591797,0.7190475463867045
2014-12-31,86.5262222290039,2.1461715698242045
2015-01-31,111.985694885254,25.4594726562501
2015-02-28,111.924697875977,-0.06099700927700269
2015-03-31,104.23526763916,-7.689430236817003
2015-04-30,102.190490722656,-2.0447769165040057
2015-05-31,76.2623291015625,-25.928161621093494
2015-06-30,85.9059677124023,9.643638610839801
2015-07-31,106.808662414551,20.902694702148693
2015-08-31,82.4785308837891,-24.33013153076189
2015-09-30,98.7674560546875,16.288925170898395
2015-10-31,91.931884765625,-6.8355712890625
2015-11-30,150.715881347656,58.783996582030994
2015-12-31,148.236877441406,-2.47900390625
2016-01-31,118.211143493652,-30.02573394775399
2016-02-29,103.749649047852,-14.4614944458
2016-03-31,109.720291137695,5.970642089842997
2016-04-30,85.2214508056641,-24.498840332030895
2016-05-31,88.3324203491211,3.1109695434569886
2016-06-30,90.1681289672852,1.8357086181641051
2016-07-31,114.610450744629,24.442321777343807
2016-08-31,98.7384872436523,-15.871963500976705
2016-09-30,104.545227050781,5.806739807128693
2016-10-31,85.7477874755859,-18.7974395751951
2016-11-30,82.9187545776367,-2.8290328979491903
2016-12-31,102.180465698242,19.261711120605298
2017-01-31,105.201232910156,3.0207672119139914
2017-02-28,114.206359863281,9.005126953125
2017-03-31,96.6358795166016,-17.57048034667939
2017-04-30,119.459922790527,22.824043273925398
2017-05-31,102.579963684082,-16.879959106445
2017-06-30,126.789016723633,24.209053039550994
2017-07-31,102.813461303711,-23.975555419922003
2017-08-31,138.531616210938,35.71815490722702
2017-09-30,115.534446716309,-22.997169494629006
2017-10-31,91.4615707397461,-24.072875976562912
2017-11-30,92.5960159301758,1.1344451904297017
2017-12-31,82.7182540893555,-9.877761840820298
2018-01-31,92.4267883300781,9.7085342407226
2018-02-28,64.4913711547852,-27.935417175292898
2018-03-31,111.962295532227,47.470924377441804
2018-04-30,123.263473510742,11.301177978515
2018-05-31,125.666618347168,2.4031448364259944
2018-06-30,103.968589782715,-21.698028564452997
2018-07-31,110.028427124023,6.059837341307997
2018-08-31,112.741683959961,2.7132568359379974
2018-09-30,75.0539093017578,-37.687774658203196
2018-10-31,92.0164794921875,16.9625701904297
2018-11-30,80.407585144043,-11.608894348144503
2018-12-31,90.607666015625,10.200080871582003
2019-01-31,87.4241027832031,-3.1835632324219034
2019-02-28,96.800163269043,9.3760604858399
2019-03-31,82.3282928466797,-14.471870422363295
2019-04-30,79.2534484863281,-3.074844360351605
2019-05-31,106.471900939941,27.218452453612898
2019-06-30,106.588455200195,0.11655426025400573
2019-07-31,93.5212554931641,-13.067199707030895
2019-08-31,103.404418945313,9.883163452148892
2019-09-30,90.3679885864258,-13.036430358887202
2019-10-31,97.8367309570313,7.468742370605511
2019-11-30,73.0783843994141,-24.7583465576172
2019-12-31,74.2798919677734,1.2015075683592897
2020-01-31,138.420944213867,64.1410522460936
2020-02-29,75.9555587768555,-62.46538543701149
2020-03-31,81.5400314331055,5.58447265625
2020-04-30,69.3394012451172,-12.200630187988295
2020-05-31,68.5072174072266,-0.8321838378905966
2020-06-30,71.2278594970703,2.720642089843693
2020-07-31,66.4732818603516,-4.754577636718693
2020-08-31,65.4660491943359,-1.0072326660157103
2020-09-30,80.3773803710938,14.911331176757912
2020-10-31,76.0831680297852,-4.294212341308608
2020-11-30,70.0674667358398,-6.015701293945398
2020-12-31,64.0672912597656,-6.0001754760742045
2021-01-31,77.418701171875,13.351409912109403
2021-02-28,73.9568023681641,-3.461898803710895
2021-03-31,78.618766784668,4.661964416503892
2021-04-30,88.1662216186523,9.547454833984304
2021-05-31,93.0071334838867,4.840911865234403
2021-06-30,74.1271209716797,-18.880012512207003
2021-07-31,58.420768737793,-15.706352233886705
2021-08-31,89.4865493774414,31.06578063964841
2021-09-30,80.6969680786133,-8.78958129882811
2021-10-31,79.0292358398438,-1.6677322387694886
2021-11-30,86.5691452026367,7.539909362792898
2021-12-31,105.345420837402,18.776275634765298
2022-01-31,138.674987792969,33.329566955567
2022-02-28,216.15901184082,77.484024047851
2022-03-31,318.954925537109,102.79591369628898
2022-04-30,191.143096923828,-127.81182861328097
2022-05-31,142.258483886719,-48.884613037109006
2022-06-30,130.707321166992,-11.551162719727017
2022-07-31,117.176765441895,-13.530555725096988
2022-08-31,132.863220214844,15.686454772949006
2022-09-30,131.985870361328,-0.8773498535159945
2022-10-31,143.162414550781,11.176544189452983
2022-11-30,116.716285705566,-26.446128845215
2022-12-31,111.195938110352,-5.520347595213991
2023-01-31,104.267044067383,-6.928894042969006
2023-02-28,120.99437713623,16.727333068847003
2023-03-31,105.379974365234,-15.614402770995994
2023-04-30,106.80965423584,1.4296798706059946
2023-05-31,108.467681884766,1.6580276489259944
2023-06-30,110.528945922852,2.0612640380860086
2023-07-31,107.448783874512,-3.08016204834
2023-08-31,101.141181945801,-6.3076019287110086
2023-09-30,98.6348114013672,-2.5063705444337927
2023-10-31,197.887008666992,99.25219726562479
2023-11-30,156.696136474609,-41.19087219238298
2023-12-31,142.27946472168,-14.416671752929005
2024-01-31,160.373657226563,18.09419250488301
2024-02-29,146.598175048828,-13.775482177735
2024-03-31,133.213165283203,-13.385009765625
2024-04-30,163.947341918945,30.73417663574199
2024-05-31,130.521865844727,-33.42547607421801
2024-06-30,113.092796325684,-17.429069519042983
2024-07-31,92.3948745727539,-20.6979217529301
2024-08-31,140.975067138672,48.58019256591808
2024-09-30,130.358779907227,-10.616287231445
2024-10-31,130.689208984375,0.3304290771480112
2024-11-30,128.901641845703,-1.7875671386719887
2024-12-31,142.366439819336,13.464797973632983
2025-01-31,113.233154296875,-29.133285522460994
2025-02-28,136.980590820313,23.74743652343801
2025-03-31,175.901123046875,38.92053222656199
2025-04-30,140.973693847656,-34.927429199219006
2025-05-31,166.827728271484,25.85403442382801
2025-06-30,221.134902954102,54.30717468261798
2025-07-31,134.22200012207,-86.91290283203199
2025-08-31,138.988464355469,4.766464233399006
2025-09-30,126.740585327148,-12.247879028321009
2025-10-31,154.512924194336,27.772338867187997
2025-11-30,104.351768493652,-50.16115570068399
2025-12-31,132.486221313477,28.134452819824986
2026-01-31,168.629867553711,36.143646240234006
2026-02-28,119.865409851074,-48.76445770263699
2026-03-31,330.944641113281,211.07923126220703
2026-04-30,254.429504394531,-76.51513671875003
2026-05-31,203.556671142578,-50.87283325195298
2026-06-30,173.639556884766,-29.917114257812017
