Date,Month,WTI,Brent,DollarIndex,VIX,CrudeStocks,WTI_ret,Brent_ret,DollarIndex_ret,VIX_change,Inventory_change,Brent_WTI_spread,Spread_change,WTI_lag1,Rolling_vol_6m,GPR,GPR_change,MonthNum,MonthName
2006-02-28,2006-02,61.63,60.21,100.2112,12.34,309132.75,-0.0607486942558104,-0.0451375321574811,0.0021097728632568,-0.6099999999999994,5167.75,-1.4200000000000017,1.0799999999999912,0.0974348968623122,0.0634511698299719,95.8581924438477,1.348175048828196,2,Feb
2006-03-31,2006-03,62.69,62.06,100.4281,11.39,323092.8,0.0170531803117253,0.0302632075438777,0.0021620897251333,-0.9499999999999992,13960.049999999988,-0.6299999999999955,0.7900000000000063,-0.0607486942558104,0.0639772589475357,92.7976226806641,-3.0605697631835938,3,Mar
2006-04-30,2006-04,69.44,70.26,99.7435,11.59,329308.25,0.1022611250662182,0.1241009878174468,-0.0068401578369714,0.1999999999999993,6215.450000000012,0.8200000000000074,1.4500000000000028,0.0170531803117253,0.072888105768682,89.0158004760742,-3.7818222045899006,4,Apr
2006-05-31,2006-05,70.84,69.78,97.5118,16.44,329467.0,0.0199607425625378,-0.0068552110790527,-0.0226284944176953,4.850000000000001,158.75,-1.0600000000000025,-1.8800000000000097,0.1022611250662182,0.0606131624711712,85.2087783813477,-3.8070220947265057,5,May
2006-06-30,2006-06,70.95,68.56,98.6927,13.08,328665.2,0.0015515906914185,-0.0176381614691036,0.0120375858828403,-3.360000000000001,-801.7999999999884,-2.390000000000001,-1.3299999999999983,0.0199607425625378,0.0617756405856034,102.572769165039,17.363990783691307,6,Jun
2006-07-31,2006-07,74.41,73.67,98.4387,14.95,318843.75,0.047614937803118,0.0718863864051977,-0.0025769627828164,1.8699999999999992,-9821.450000000012,-0.7399999999999949,1.6500000000000057,0.0015515906914185,0.0536451205580709,137.134826660156,34.56205749511699,7,Jul
2006-08-31,2006-08,73.04,73.23,97.7138,12.31,315473.5,-0.018583105122456,-0.0059904876217435,-0.0073912216271896,-2.639999999999999,-3370.25,0.1899999999999977,0.9299999999999926,0.047614937803118,0.0423151305982975,147.081115722656,9.9462890625,8,Aug
2006-09-30,2006-09,63.8,61.96,97.9814,11.98,311102.4,-0.1352540459359694,-0.1671161575243109,0.0027348669440305,-0.33,-4371.099999999977,-1.8399999999999963,-2.029999999999994,-0.018583105122456,0.0796404500028458,111.724258422852,-35.35685729980399,9,Sep
2006-10-31,2006-10,58.89,57.81,98.3156,11.1,316772.0,-0.0800818933942641,-0.0693272444542829,0.0034050476869493,-0.8800000000000008,5669.599999999977,-1.0799999999999983,0.759999999999998,-0.1352540459359694,0.0681088314447151,113.135299682617,1.4110412597649997,10,Oct
2006-11-30,2006-11,59.08,58.76,97.5133,10.91,321826.75,0.0032211607066994,0.0162995802112915,-0.0081939334684504,-0.1899999999999995,5054.75,-0.3200000000000003,0.759999999999998,-0.0800818933942641,0.0660905316108854,88.778923034668,-24.356376647949006,11,Nov
2006-12-31,2006-12,61.96,62.47,96.7951,11.56,312525.6,0.0475965578854884,0.0612250901998026,-0.0073924057905854,0.6500000000000004,-9301.150000000023,0.509999999999998,0.8299999999999983,0.0032211607066994,0.0728500679437145,90.606559753418,1.82763671875,12,Dec
2007-01-31,2007-01,54.51,53.68,97.8338,10.42,303611.5,-0.1281048444724781,-0.1516459488420523,0.0106737474391067,-1.1400000000000006,-8914.099999999977,-0.8299999999999983,-1.3399999999999963,0.0475965578854884,0.0742929485504443,97.9200439453125,7.313484191894503,1,Jan
2007-02-28,2007-02,59.28,57.56,97.4764,15.42,308953.5,0.0838878099116424,0.0697873893557403,-0.0036598231830895,5.0,5342.0,-1.7199999999999989,-0.8900000000000006,-0.1281048444724781,0.0929180888225174,96.1693572998047,-1.7506866455077983,2,Feb
2007-03-31,2007-03,60.44,62.05,97.0118,14.64,310643.4,0.0193791564167069,0.075112629631449,-0.00477767683339,-0.7799999999999994,1689.9000000000233,1.6099999999999994,3.3299999999999983,0.0838878099116424,0.0800308024352323,87.3365020751953,-8.832855224609403,3,Mar
2007-04-30,2007-04,63.98,67.49,95.6322,14.22,316802.75,0.0569193971168333,0.0840389271046992,-0.0143230371593334,-0.4199999999999999,6159.349999999977,3.509999999999998,1.8999999999999984,0.0193791564167069,0.0750916944826278,76.6133804321289,-10.723121643066392,4,Apr
2007-05-31,2007-05,63.46,67.21,94.7225,13.05,325231.25,-0.0081607483663228,-0.0041573927734406,-0.0095580190614148,-1.17,8428.5,3.749999999999993,0.2399999999999948,0.0569193971168333,0.0755552257949985,92.5995864868164,15.9862060546875,5,May
2007-06-30,2007-06,67.49,71.05,94.4449,16.23,330688.8,0.0615696526002658,0.0555618085612348,-0.0029349687025508,3.18,5457.549999999988,3.5600000000000023,-0.1899999999999906,-0.0081607483663228,0.0770749027364903,97.9723129272461,5.3727264404296875,6,Jun
2007-07-31,2007-07,74.12,76.93,93.2059,23.52,332823.5,0.0937059626618443,0.0795120629277343,-0.0132055712570053,7.289999999999999,2134.700000000012,2.8100000000000023,-0.75,0.0615696526002658,0.0388632314716416,112.346252441406,14.3739395141599,7,Jul
2007-08-31,2007-08,72.36,70.76,93.7603,23.38,318137.6,-0.0240317408900647,-0.0836020481792587,0.0059305010733705,-0.1400000000000005,-14685.900000000023,-1.5999999999999943,-4.409999999999997,0.0937059626618443,0.0451787835000533,83.1732025146484,-29.1730499267576,8,Aug
2007-09-30,2007-09,79.92,77.17,92.4366,18.0,303878.0,0.0993724738132035,0.0867169111779269,-0.0142185213669829,-5.379999999999999,-14259.599999999977,-2.75,-1.1500000000000057,-0.0240317408900647,0.0516179428330169,94.4888687133789,11.315666198730511,9,Sep
2007-10-31,2007-10,85.8,82.34,90.4002,18.53,300595.5,0.0709928721536181,0.0648462358722472,-0.0222765243302394,0.5300000000000011,-3282.5,-3.4599999999999937,-0.7099999999999937,0.0993724738132035,0.0524950044131407,101.473014831543,6.984146118164091,10,Oct
2007-11-30,2007-11,94.77,92.41,89.053,22.87,294362.2,0.0994338969881871,0.1153781815581895,-0.0150147816780545,4.34,-6233.299999999988,-2.3599999999999994,1.0999999999999943,0.0709928721536181,0.047212710412855,89.7954483032227,-11.677566528320298,11,Nov
2007-12-31,2007-12,91.69,90.93,90.005,22.5,278453.0,-0.0330395814202946,-0.0161452181621273,0.010633526235658,-0.370000000000001,-15909.200000000012,-0.7599999999999909,1.6000000000000083,0.0994338969881871,0.0626125143954497,94.9674911499023,5.172042846679602,12,Dec
2008-01-31,2008-01,92.97,92.18,89.3971,26.2,270592.5,0.0138635384059577,0.0136532075545412,-0.0067769811680857,3.6999999999999993,-7860.5,-0.789999999999992,-0.0300000000000011,-0.0330395814202946,0.0601764588089977,81.4998245239258,-13.467666625976506,1,Jan
2008-02-29,2008-02,95.39,94.99,88.6434,26.54,286396.4,0.0256968906893497,0.0300284356097284,-0.0084666635105126,0.3399999999999998,15803.900000000023,-0.4000000000000057,0.3899999999999863,0.0138635384059577,0.0529540418344022,80.75146484375,-0.7483596801757955,2,Feb
2008-03-31,2008-03,105.45,103.64,86.8399,25.61,296158.0,0.1002631557676672,0.0871517327918178,-0.0205553861977092,-0.9299999999999996,9761.599999999977,-1.8100000000000025,-1.4099999999999966,0.0256968906893497,0.0531343478248922,77.6361389160156,-3.1153259277344034,3,Mar
2008-04-30,2008-04,112.58,109.07,86.5475,20.79,298921.5,0.0654271731110966,0.0510665222467423,-0.0033727972988728,-4.82,2763.5,-3.510000000000005,-1.7000000000000028,0.1002631557676672,0.0526614648893298,71.9048080444336,-5.731330871582003,4,Apr
2008-05-31,2008-05,125.4,122.8,86.8245,17.83,300519.0,0.1078445481629399,0.1185671377723904,0.0031954437360202,-2.960000000000001,1597.5,-2.6000000000000085,0.9099999999999966,0.0654271731110966,0.0544722601425058,72.5737991333008,0.6689910888672017,5,May
2008-06-30,2008-06,133.88,132.32,87.0728,23.95,283653.5,0.065435248144305,0.0746662155623392,0.0028557104537245,6.120000000000001,-16865.5,-1.5600000000000025,1.0400000000000065,0.1078445481629399,0.0379928013921675,87.5484237670898,14.974624633789006,6,Jun
2008-07-31,2008-07,133.37,132.72,86.4538,22.94,277966.75,-0.0038166557088219,0.0030184146068084,-0.0071343831500154,-1.009999999999998,-5686.75,-0.6500000000000057,0.9099999999999966,0.065435248144305,0.0429380180426543,89.7395706176758,2.1911468505859943,7,Jul
2008-08-31,2008-08,116.67,113.24,88.945,20.65,284293.8,-0.1337777837985374,-0.1587321856384909,0.0284080339700167,-2.2900000000000027,6327.049999999988,-3.430000000000007,-2.780000000000001,-0.0038166557088219,0.0909923090036367,88.5541076660156,-1.1854629516601989,8,Aug
2008-09-30,2008-09,104.11,97.23,91.2651,39.39,276045.5,-0.1139014043491046,-0.1524301544221327,0.0257502570472079,18.74,-8248.299999999988,-6.879999999999996,-3.4499999999999886,-0.1337777837985374,0.101044808122732,88.5425567626953,-0.01155090332029829,9,Sep
2008-10-31,2008-10,76.61,71.58,98.04,59.89,291710.0,-0.3067204159579315,-0.3062636004836863,0.0716071004354708,20.5,15664.5,-5.030000000000001,1.8499999999999943,-0.1139014043491046,0.1524324181764252,64.159797668457,-24.382759094238295,10,Oct
2008-11-30,2008-11,57.31,52.45,100.7667,55.84,299119.25,-0.290252487965084,-0.3109553704955732,0.0274323852545572,-4.049999999999997,7409.25,-4.859999999999999,0.1700000000000017,-0.3067204159579315,0.1491978824613558,79.0809707641602,14.921173095703196,11,Nov
2008-12-31,2008-12,41.12,39.95,99.6622,40.0,302149.5,-0.3319805074167363,-0.2722316626300225,-0.0110214762496738,-15.840000000000003,3030.25,-1.1699999999999946,3.690000000000005,-0.290252487965084,0.1320425404956027,92.3664321899414,13.285461425781207,12,Dec
2009-01-31,2009-01,41.71,43.44,100.3521,44.84,315732.4,0.0142462870619444,0.0837520034133962,0.006898534114943,4.840000000000003,13582.900000000023,1.7299999999999969,2.8999999999999915,-0.3319805074167363,0.1374173471340454,85.3694763183594,-6.996955871582003,1,Jan
2009-02-28,2009-02,39.09,43.32,102.9737,46.35,332552.75,-0.0648742284039904,-0.00276625349289,0.025788614039313,1.509999999999998,16820.349999999977,4.229999999999997,2.5,0.0142462870619444,0.1460383783609275,67.4526748657227,-17.916801452636705,2,Feb
2009-03-31,2009-03,47.94,46.54,103.4397,44.14,336642.5,0.2040835492013748,0.0716977357413557,0.0045152184083265,-2.210000000000001,4089.75,-1.3999999999999986,-5.629999999999996,-0.0648742284039904,0.216501218333848,72.6446228027344,5.1919479370117045,3,Mar
2009-04-30,2009-04,49.65,50.18,100.7162,36.5,349523.0,0.0350481614849433,0.0753043830641306,-0.0266821735588571,-7.640000000000001,12880.5,0.5300000000000011,1.93,0.2040835492013748,0.2051312497104764,85.6884994506836,13.04387664794919,4,Apr
2009-05-31,2009-05,59.03,57.3,97.5519,28.92,350304.8,0.1730473987614162,0.1326840827824176,-0.0319221165978946,-7.579999999999998,781.7999999999884,-1.730000000000004,-2.260000000000005,0.0350481614849433,0.1935462802938901,89.6808624267578,3.9923629760742045,5,May
2009-06-30,2009-06,69.64,68.61,96.0426,26.35,337431.5,0.16529332564739,0.1801376729821058,-0.0155927010307044,-2.5700000000000003,-12873.299999999988,-1.0300000000000011,0.7000000000000028,0.1730473987614162,0.1079782600089909,81.1095886230469,-8.571273803710895,6,Jun
2009-07-31,2009-07,64.15,64.44,95.6605,25.92,328149.8,-0.0821150238383428,-0.0627037383940258,-0.0039863779563544,-0.4299999999999997,-9281.700000000012,0.289999999999992,1.3199999999999932,0.16529332564739,0.1266580714082166,83.4396209716797,2.3300323486327983,7,Jul
2009-08-31,2009-08,71.05,72.51,94.373,26.01,327665.25,0.1021597634814641,0.1179899250747276,-0.0135504497919134,0.0899999999999998,-484.5499999999884,1.460000000000008,1.170000000000016,-0.0821150238383428,0.1075367718160962,73.3718795776367,-10.067741394042997,8,Aug
2009-09-30,2009-09,69.41,67.65,93.6638,25.61,318124.75,-0.0233529051916168,-0.0693771287667042,-0.0075432400765667,-0.4000000000000021,-9540.5,-1.759999999999991,-3.219999999999999,0.1021597634814641,0.1033381717263406,92.8399887084961,19.46810913085939,9,Sep
2009-10-31,2009-10,75.72,72.77,92.2598,30.69,319911.4,0.0870113769896292,0.0729564277421976,-0.015103264874452,5.080000000000002,1786.6500000000233,-2.950000000000003,-1.190000000000012,-0.0233529051916168,0.1028360547131167,90.5764007568359,-2.263587951660199,10,Oct
2009-11-30,2009-11,77.99,76.66,91.7996,24.51,319976.0,0.0295382870012845,0.0520762775934136,-0.0050005700221582,-6.18,64.59999999997672,-1.3299999999999983,1.6200000000000043,0.0870113769896292,0.0900665881650918,82.1017608642578,-8.474639892578097,11,Nov
2009-12-31,2009-12,74.47,74.46,92.2586,21.68,312465.25,-0.0461842536198524,-0.0291179915078378,0.0049875631892346,-2.830000000000002,-7510.75,-0.0100000000000051,1.3199999999999932,0.0295382870012845,0.0742319100144152,92.9469146728516,10.845153808593807,12,Dec
2010-01-31,2010-01,78.33,76.17,92.4403,24.62,308210.8,0.0505343116565937,0.0227056159401257,0.0019675272415362,2.9400000000000013,-4254.450000000012,-2.1599999999999966,-2.1499999999999915,-0.0461842536198524,0.0591016883234691,91.5810241699219,-1.3658905029297017,1,Jan
2010-02-28,2010-02,76.39,73.75,93.8867,19.5,315416.25,-0.0250788738258789,-0.032286689164767,0.0155257053904724,-5.120000000000001,7205.450000000012,-2.640000000000001,-0.480000000000004,0.0505343116565937,0.051825154177367,80.7253570556641,-10.855667114257798,2,Feb
2010-03-31,2010-03,81.2,78.83,93.1499,17.59,327313.75,0.0610634496143633,0.0666126398518871,-0.0078787126300046,-1.91,11897.5,-2.3700000000000045,0.269999999999996,-0.0250788738258789,0.0517412273451902,74.116943359375,-6.608413696289105,3,Mar
2010-04-30,2010-04,84.29,84.82,92.6391,22.05,336243.0,0.0373479868417589,0.0732377289746279,-0.0054987247581284,4.460000000000001,8929.25,0.5299999999999869,2.8999999999999915,0.0610634496143633,0.0433491070452669,88.7615814208984,14.644638061523395,4,Apr
2010-05-31,2010-05,73.74,75.95,95.5306,32.07,342737.0,-0.133717841203393,-0.1104561350046626,0.0307353162601087,10.02,6494.0,2.210000000000008,1.680000000000021,0.0373479868417589,0.0745605868834327,88.9587097167969,0.19712829589850855,5,May
2010-06-30,2010-06,75.34,74.76,96.0606,34.54,342680.25,0.0214658094578972,-0.0157922464544197,0.0055326273016653,2.469999999999999,-56.75,-0.5799999999999983,-2.7900000000000063,-0.133717841203393,0.0729726544729647,96.4536972045898,7.494987487792898,6,Jun
2010-07-31,2010-07,76.32,75.58,94.4547,23.5,336098.0,0.012923824876136,0.010908715333981,-0.0168588878252,-11.04,-6582.25,-0.7399999999999949,-0.1599999999999966,0.0214658094578972,0.0694956189606496,79.3813781738281,-17.072319030761705,7,Jul
2010-08-31,2010-08,76.6,77.04,93.6822,26.05,336686.75,0.0036620496065138,0.019133069568527,-0.0082121512729118,2.5500000000000007,588.75,0.4400000000000119,1.1800000000000068,0.012923824876136,0.068766327218329,80.9938659667969,1.6124877929688068,8,Aug
2010-09-30,2010-09,75.24,77.84,92.7626,23.7,337836.5,-0.0179140723137152,0.0103306703878791,-0.0098646618977484,-2.3500000000000014,1149.75,2.6000000000000085,2.1599999999999966,0.0036620496065138,0.0620788286902899,71.1685485839844,-9.8253173828125,9,Sep
2010-10-31,2010-10,81.89,82.67,90.2291,21.2,342646.2,0.0846938788492668,0.0602013413868345,-0.0276915498704237,-2.5,4809.700000000012,0.7800000000000011,-1.8200000000000076,-0.0179140723137152,0.0719396619121888,65.9919357299805,-5.176612854003906,10,Oct
2010-11-30,2010-11,84.25,85.28,90.5095,23.54,339165.5,0.028411685950374,0.0310831811529501,0.0031028261252794,2.34,-3480.700000000012,1.0300000000000011,0.25,0.0846938788492668,0.034593208837384,94.7051696777344,28.713233947753906,11,Nov
2010-12-31,2010-12,89.15,91.45,91.1835,17.75,322105.6,0.0565317750766789,0.0698524144193406,0.0074191420871096,-5.789999999999999,-17059.900000000023,2.299999999999997,1.269999999999996,0.028411685950374,0.0372991704125964,97.2038955688477,2.4987258911132955,12,Dec
2011-01-31,2011-01,89.17,96.52,90.1112,19.53,316555.25,0.000224315837638,0.0539578659199566,-0.0118294964442613,1.7800000000000011,-5550.349999999977,7.349999999999994,5.049999999999997,0.0565317750766789,0.0386646277729164,79.4216156005859,-17.782279968261804,1,Jan
2011-02-28,2011-02,88.58,103.72,89.3967,18.35,324369.0,-0.0066385616517354,0.071944719913632,-0.0079606944687071,-1.1799999999999995,7813.75,15.14,7.790000000000006,0.000224315837638,0.0400550490651863,90.0144882202148,10.592872619628906,2,Feb
2011-03-31,2011-03,102.86,114.64,88.4872,17.74,330209.5,0.1494627418517176,0.100101822849453,-0.0102258599613032,-0.610000000000003,5840.5,11.78,-3.3599999999999994,-0.0066385616517354,0.0587604378752054,136.888305664063,46.87381744384821,3,Mar
2011-04-30,2011-04,109.53,123.26,86.9214,14.75,338591.0,0.0628296439888851,0.0724991620141803,-0.0178536467618375,-2.9899999999999984,8381.5,13.730000000000004,1.9500000000000028,0.1494627418517176,0.0569871232285081,91.0177688598633,-45.870536804199716,4,Apr
2011-05-31,2011-05,100.9,114.99,86.9464,15.45,349066.25,-0.0820685569760915,-0.0694507774735235,0.0002875748145694,0.6999999999999993,10475.25,14.08999999999999,0.3599999999999852,0.0628296439888851,0.0785383790422741,105.344917297363,14.327148437499702,5,May
2011-06-30,2011-06,96.26,113.83,86.9412,16.52,342393.25,-0.0470770634846005,-0.0101390607234481,-5.980875003785968e-05,1.0700000000000005,-6673.0,17.569999999999993,3.480000000000004,-0.0820685569760915,0.0828263012269093,84.391845703125,-20.953071594237997,6,Jun
2011-07-31,2011-07,97.3,116.97,86.3178,25.25,332905.0,0.010746125316996,0.0272113843254908,-0.0071961940244289,8.73,-9488.25,19.67,2.1000000000000085,-0.0470770634846005,0.08261820223577,78.9247589111328,-5.467086791992202,7,Jul
2011-08-31,2011-08,86.33,110.22,86.8983,31.62,331194.5,-0.1196218269445275,-0.0594391232075262,0.006702635300769,6.370000000000001,-1710.5,23.89,4.219999999999999,0.010746125316996,0.0995516994466128,86.9515686035156,8.026809692382798,8,Aug
2011-09-30,2011-09,85.52,112.83,89.7253,42.96,321211.4,-0.009426895530642,0.0234038926952653,0.0320143112135875,11.34,-9983.099999999977,27.31,3.4200000000000017,-0.1196218269445275,0.0659274139382606,83.3504486083984,-3.6011199951172017,9,Sep
2011-10-31,2011-10,86.32,109.55,90.6098,29.96,314852.25,0.0093110542330894,-0.0295011951088799,0.0098095943918252,-13.0,-6359.150000000023,23.230000000000004,-4.079999999999998,-0.009426895530642,0.0531043676183408,76.3399353027344,-7.0105133056639914,10,Oct
2011-11-30,2011-11,97.16,110.77,91.2649,27.8,312900.5,0.1182977831840927,0.0110749134873664,0.0072038918342114,-2.16,-1951.75,13.61,-9.620000000000005,0.0093110542330894,0.0781962475816235,83.1576766967773,6.817741394042898,11,Nov
2011-12-31,2011-12,98.56,107.87,92.2056,23.4,307738.8,0.0143063956512383,-0.0265291811415036,0.0102545994413612,-4.400000000000002,-5161.700000000012,9.310000000000002,-4.299999999999997,0.1182977831840927,0.0757714130106876,85.3413238525391,2.183647155761804,12,Dec
2012-01-31,2012-01,100.27,110.69,91.6463,19.44,309300.25,0.0172010477506239,0.0258067030101942,-0.0060842637509717,-3.959999999999997,1561.4500000000116,10.420000000000002,1.1099999999999994,0.0143063956512383,0.0759331044198988,79.6349716186523,-5.706352233886804,1,Jan
2012-02-29,2012-02,102.2,119.33,89.9605,18.43,315370.25,0.0190651302337698,0.075159262984032,-0.0185659173927845,-1.0100000000000016,6070.0,17.129999999999995,6.709999999999994,0.0172010477506239,0.0453599118960937,92.4458236694336,12.810852050781293,2,Feb
2012-03-31,2012-03,106.16,125.45,90.5112,15.5,325457.4,0.0380157122543485,0.0500145084308671,0.0061029148532458,-2.93,10087.150000000023,19.290000000000006,2.160000000000011,0.0190651302337698,0.041473086338263,88.7599792480469,-3.6858444213866903,3,Mar
2012-04-30,2012-04,103.32,119.75,90.8156,17.15,344968.0,-0.0271164217963129,-0.0465010365214064,0.0033574770629547,1.6499999999999986,19510.599999999977,16.430000000000007,-2.8599999999999994,0.0380157122543485,0.0482756682526428,96.0166854858398,7.256706237792898,4,Apr
2012-05-31,2012-05,94.66,110.34,92.4928,24.06,357930.75,-0.087539443749538,-0.0818397284467407,0.0182997266333613,6.91,12962.75,15.680000000000009,-0.75,-0.0271164217963129,0.0460313458289312,78.1711578369141,-17.845527648925696,5,May
2012-06-30,2012-06,82.3,95.16,93.8809,17.08,359457.6,-0.1399204167950776,-0.1480068224095276,0.014896153992284,-6.98,1526.8499999999767,12.86,-2.8200000000000074,-0.087539443749538,0.0702325412060461,77.8224334716797,-0.3487243652344034,6,Jun
2012-07-31,2012-07,87.9,102.62,93.4062,18.93,351334.25,0.0658286970081079,0.0754731600790625,-0.0050692334553215,1.8500000000000012,-8123.349999999977,14.72,1.8599999999999997,-0.1399204167950776,0.079030264206469,82.8080215454102,4.985588073730497,7,Jul
2012-08-31,2012-08,94.13,113.36,92.5283,17.47,337643.6,0.0684770008679969,0.0995357498686058,-0.0094431805155741,-1.4600000000000009,-13690.650000000023,19.230000000000004,4.510000000000005,0.0658286970081079,0.0863900977596334,74.8783569335938,-7.929664611816392,8,Aug
2012-09-30,2012-09,94.51,112.86,90.9802,15.73,337531.0,0.0040288434478359,-0.0044204828414313,-0.0168726432476296,-1.7399999999999984,-112.59999999997672,18.349999999999994,-0.8800000000000097,0.0684770008679969,0.0833821352935192,69.2805099487305,-5.59784698486331,9,Sep
2012-10-31,2012-10,89.49,111.71,90.7566,18.6,344173.75,-0.0545787618121975,-0.010241884958237,-0.0024607026515912,2.870000000000001,6642.75,22.22,3.870000000000005,0.0040288434478359,0.0846364656421534,81.6636657714844,12.383155822753906,10,Oct
2012-11-30,2012-11,86.53,109.06,91.4751,15.87,347231.4,-0.0336357125761193,-0.0240080380848413,0.0078856063263472,-2.730000000000002,3057.6500000000237,22.53,0.3100000000000023,-0.0545787618121975,0.079224562953172,81.3896408081055,-0.27402496337890625,11,Nov
2012-12-31,2012-12,87.86,109.49,90.8804,18.02,341113.0,0.0152534639289854,0.0039350313874182,-0.0065224477279288,2.1500000000000004,-6118.400000000023,21.629999999999995,-0.9000000000000057,-0.0336357125761193,0.0503375328176882,74.8315582275391,-6.558082580566392,12,Dec
2013-01-31,2013-01,94.76,112.96,90.8255,14.28,335311.0,0.0756027407429513,0.0312005528595982,-0.0006042731872826,-3.74,-5802.0,18.19999999999999,-3.430000000000007,0.0152534639289854,0.0525790513490702,90.6574935913086,15.825935363769489,1,Jan
2013-02-28,2013-02,95.31,116.05,91.5509,15.51,346048.0,0.0057873576589502,0.0269873589755142,0.0079550185814856,1.2300000000000004,10737.0,20.739999999999995,2.5400000000000063,0.0756027407429513,0.0449054637735316,81.59033203125,-9.067161560058594,2,Feb
2013-03-31,2013-03,92.94,108.47,92.4132,12.7,355997.6,-0.0251806132927026,-0.0675474956683199,0.0093747238215771,-2.8100000000000005,9949.599999999977,15.53,-5.209999999999994,0.0057873576589502,0.0462156528289091,75.8967208862305,-5.693611145019503,3,Mar
2013-04-30,2013-04,92.02,102.25,92.0478,13.52,361220.75,-0.0099481789295099,-0.0590528421292146,-0.0039618182482286,0.8200000000000003,5223.150000000023,10.230000000000004,-5.299999999999997,-0.0251806132927026,0.0392855863657762,95.1078720092773,19.211151123046804,4,Apr
2013-05-31,2013-05,94.51,102.56,92.529,16.3,366023.6,0.0266997042796424,0.0030271982494483,0.0052141015576436,2.780000000000001,4802.849999999977,8.049999999999997,-2.180000000000007,-0.0099481789295099,0.0350167795630821,83.7173156738281,-11.390556335449205,5,May
2013-06-30,2013-06,95.77,102.92,93.2836,16.86,362836.0,0.0132438345265635,0.0035039942411838,0.0081222064426613,0.5599999999999987,-3187.5999999999767,7.150000000000006,-0.8999999999999915,0.0266997042796424,0.0350200655189061,82.9730072021484,-0.7443084716797017,6,Jun
2013-07-31,2013-07,104.67,107.93,93.8724,13.45,338944.75,0.0888630603332645,0.0475308814237118,0.0062920979564902,-3.41,-23891.25,3.260000000000005,-3.890000000000001,0.0132438345265635,0.0397556371294307,73.9758148193359,-8.9971923828125,7,Jul
2013-08-31,2013-08,106.57,111.28,93.7149,17.01,332419.8,0.0179895023660723,0.0305666787779319,-0.0016792185506115,3.5600000000000023,-6524.950000000012,4.710000000000008,1.4500000000000028,0.0888630603332645,0.0394038169169943,90.9567489624023,16.980934143066406,8,Aug
2013-09-30,2013-09,106.29,111.6,93.4706,16.6,330400.5,-0.0026308386873745,0.0028715023320229,-0.0026102463995254,-0.4100000000000001,-2019.2999999999884,5.309999999999988,0.5999999999999801,0.0179895023660723,0.0352478529569572,100.459327697754,9.502578735351705,9,Sep
2013-10-31,2013-10,100.54,109.08,92.4993,13.75,348118.0,-0.055615549281061,-0.0228394919698224,-0.0104458714236379,-2.8500000000000014,17717.5,8.539999999999992,3.230000000000004,-0.0026308386873745,0.0466941275141579,72.9531173706055,-27.50621032714851,10,Oct
2013-11-30,2013-11,93.86,107.79,93.3737,13.7,358396.2,-0.068751347898158,-0.0118966681838506,0.009408644077796,-0.0500000000000007,10278.200000000012,13.930000000000009,5.390000000000015,-0.055615549281061,0.05694644015707,77.7790222167969,4.825904846191406,11,Nov
2013-12-31,2013-12,97.63,110.76,93.534,13.72,339051.0,0.0393805128713085,0.0271808085092235,0.0017152855586255,0.0200000000000013,-19345.20000000001,13.13000000000001,-0.7999999999999972,-0.068751347898158,0.0592219259578262,70.3724899291992,-7.406532287597699,12,Dec
2014-01-31,2014-01,94.62,108.12,94.4648,18.41,323861.0,-0.0313159530345776,-0.024123976894514,0.0099022717781815,4.69,-15190.0,13.5,0.3699999999999903,0.0393805128713085,0.0423877895159439,77.9159698486328,7.543479919433594,1,Jan
2014-02-28,2014-02,100.82,108.9,94.6456,14.0,331104.0,0.0634678784514823,0.0071883085306678,0.0019121111804132,-4.41,7243.0,8.080000000000013,-5.419999999999988,-0.0313159530345776,0.052675820960931,69.0035247802734,-8.912445068359403,2,Feb
2014-03-31,2014-03,100.8,107.48,94.4408,13.88,345435.25,-0.0001983930172162,-0.013125246191624,-0.0021662063488907,-0.1199999999999992,14331.25,6.680000000000007,-1.4000000000000057,0.0634678784514823,0.0527462123621916,119.838554382324,50.83502960205061,3,Mar
2014-04-30,2014-04,102.07,107.76,93.9956,13.41,362037.25,0.0125204967781389,0.0026017483548184,-0.0047252105044908,-0.4700000000000006,16602.0,5.690000000000012,-0.9899999999999948,-0.0001983930172162,0.0477602713459291,93.2215423583984,-26.61701202392561,4,Apr
2014-05-31,2014-05,102.18,109.54,93.67,11.4,362402.6,0.0010771114872447,0.0163832472534659,-0.0034700054427734,-2.01,365.3499999999767,7.359999999999999,1.6699999999999875,0.0125204967781389,0.0332126985053889,83.4288558959961,-9.792686462402301,5,May
2014-06-30,2014-06,105.79,111.8,93.8274,11.57,354869.0,0.0347200330960308,0.0204217813654237,0.0016789570092656,0.1699999999999999,-7533.599999999977,6.009999999999991,-1.3500000000000083,0.0010771114872447,0.0325527060425743,98.7671051025391,15.338249206543011,6,Jun
2014-07-31,2014-07,103.59,106.77,93.6039,16.95,342269.5,-0.0210151969286718,-0.0460345725307878,-0.002384874948123,5.379999999999999,-12599.5,3.1799999999999926,-2.8299999999999983,0.0347200330960308,0.0298865881307432,138.753952026367,39.98684692382788,7,Jul
2014-08-31,2014-08,96.54,101.61,94.5808,11.98,331594.4,-0.0704833698376639,-0.0495350326924208,0.0103824463456501,-4.969999999999999,-10675.099999999977,5.069999999999993,1.8900000000000008,-0.0210151969286718,0.0359426194033445,136.445587158203,-2.3083648681639772,8,Aug
2014-09-30,2014-09,93.21,97.09,96.1209,16.31,327705.5,-0.0351024181592816,-0.0455035721157361,0.0161522784924805,4.329999999999998,-3888.9000000000233,3.8800000000000097,-1.1899999999999835,-0.0704833698376639,0.0373731108683891,131.556655883789,-4.888931274414006,9,Sep
2014-10-31,2014-10,84.4,87.43,97.4396,14.03,342701.4,-0.0992876104711539,-0.1047999101892545,0.0136259247425361,-2.28,14995.900000000023,3.030000000000001,-0.8500000000000085,-0.0351024181592816,0.0483403231293985,83.661003112793,-47.89565277099601,10,Oct
2014-11-30,2014-11,75.79,79.44,99.1147,13.33,348156.75,-0.1076010437779739,-0.0958364534558819,0.0170450664876788,-0.6999999999999993,5455.349999999977,3.649999999999992,0.6199999999999903,-0.0992876104711539,0.0536768212177629,84.3800506591797,0.7190475463867045,11,Nov
2014-12-31,2014-12,59.29,62.34,101.4441,19.2,350872.75,-0.2455257001046611,-0.2423987453977263,0.0232301425026761,5.869999999999999,2716.0,3.0500000000000043,-0.5999999999999872,-0.1076010437779739,0.0806029116014763,86.5262222290039,2.1461715698242045,12,Dec
2015-01-31,2015-01,47.22,47.76,103.7607,20.97,363976.0,-0.2276231260619097,-0.2664148052548443,0.0225793784699304,1.7699999999999996,13103.25,0.5399999999999991,-2.510000000000005,-0.2455257001046611,0.0858649362091445,111.985694885254,25.4594726562501,1,Jan
2015-02-28,2015-02,50.58,58.1,105.1685,13.34,396376.25,0.0687387095844522,0.1959771947735191,0.01347653948467,-7.629999999999999,32400.25,7.520000000000003,6.980000000000004,-0.2276231260619097,0.1181941438875022,111.924697875977,-0.06099700927700269,2,Feb
2015-03-31,2015-03,47.82,55.89,107.3647,15.29,427918.0,-0.0561122792116401,-0.0387801905762588,0.0206676244007093,1.9499999999999995,31541.75,8.07,0.5499999999999972,0.0687387095844522,0.1159009786547958,104.23526763916,-7.689430236817003,3,Mar
2015-04-30,2015-04,54.45,59.52,106.3523,14.55,453767.5,0.1298388873487908,0.0629269172432298,-0.0094742820918432,-0.7399999999999984,25849.5,5.07,-3.0,-0.0561122792116401,0.1525708479194359,102.190490722656,-2.0447769165040057,4,Apr
2015-05-31,2015-05,59.27,64.08,105.4065,13.84,449211.4,0.084820426420777,0.0738199122352671,-0.0089328640816921,-0.7100000000000009,-4556.099999999977,4.809999999999995,-0.2600000000000051,0.1298388873487908,0.1636744455066273,76.2623291015625,-25.928161621093494,5,May
2015-06-30,2015-06,59.82,61.48,106.179,18.23,434569.5,0.0092367774020551,-0.0414203840897089,0.0073020451067122,4.390000000000001,-14641.900000000023,1.6599999999999966,-3.1499999999999986,0.084820426420777,0.1294686411309554,85.9059677124023,9.643638610839801,6,Jun
2015-07-31,2015-07,50.9,56.56,108.1236,12.12,429155.4,-0.1614771296453248,-0.0834098970820775,0.0181486680496485,-6.110000000000001,-5414.099999999977,5.660000000000004,4.000000000000007,0.0092367774020551,0.1069091069967582,106.808662414551,20.902694702148693,7,Jul
2015-08-31,2015-08,42.87,46.52,109.9768,28.43,422227.75,-0.1716906429465914,-0.1954196939378536,0.0169944172657183,16.310000000000002,-6927.650000000023,3.6500000000000057,-2.009999999999998,-0.1614771296453248,0.1251242943712084,82.4785308837891,-24.33013153076189,8,Aug
2015-09-30,2015-09,45.48,47.62,110.8513,24.5,424510.25,0.0591003882724496,0.0233705134082526,0.0079202290962614,-3.93,2282.5,2.140000000000001,-1.5100000000000051,-0.1716906429465914,0.1286575525867977,98.7674560546875,16.288925170898395,9,Sep
2015-10-31,2015-10,46.22,48.43,109.9036,15.07,441814.2,0.0161399359638991,0.0168666153564212,-0.0085860456283786,-9.43,17303.95000000001,2.210000000000001,0.0700000000000002,0.0591003882724496,0.1114541522976043,91.931884765625,-6.8355712890625,10,Oct
2015-11-30,2015-11,42.44,44.27,111.6916,16.13,455785.75,-0.0853212911004521,-0.0898122096710882,0.0161378838900372,1.0599999999999987,13971.549999999988,1.8300000000000052,-0.3799999999999954,0.0161399359638991,0.0980580807549759,150.715881347656,58.783996582030994,11,Nov
2015-12-31,2015-12,37.19,38.01,112.7857,18.21,454872.5,-0.1320514058088036,-0.1524579637428922,0.0097480561629534,2.080000000000002,-913.25,0.8200000000000003,-1.0100000000000051,-0.0853212911004521,0.0963031520880279,148.236877441406,-2.47900390625,12,Dec
2016-01-31,2016-01,31.68,30.7,115.2344,20.2,458442.2,-0.1603543409907537,-0.2135866284080059,0.0214787568195466,1.9899999999999984,3569.700000000012,-0.9800000000000004,-1.8000000000000007,-0.1320514058088036,0.0961122405118249,118.211143493652,-30.02573394775399,1,Jan
2016-02-29,2016-02,30.32,32.18,114.2817,20.55,476630.75,-0.0438780061720538,0.0470824869710857,-0.0083018618017609,0.3500000000000014,18188.54999999999,1.8599999999999997,2.84,-0.1603543409907537,0.0849878706958479,103.749649047852,-14.4614944458,2,Feb
2016-03-31,2016-03,37.55,38.21,111.8934,13.95,497084.0,0.2138658174359724,0.1717521198945713,-0.0211198206505427,-6.600000000000001,20453.25,0.6600000000000037,-1.1999999999999955,-0.0438780061720538,0.1358210547945132,109.720291137695,5.970642089842997,3,Mar
2016-04-30,2016-04,40.75,41.58,110.0171,15.7,506509.6,0.0817824614767279,0.0845220209710584,-0.0169108240891091,1.75,9425.599999999977,0.8299999999999983,0.1699999999999946,0.2138658174359724,0.1429257604603573,85.2214508056641,-24.498840332030895,4,Apr
2016-05-31,2016-05,46.71,46.74,111.1405,14.19,507015.0,0.136502434827145,0.1169810466808449,0.0101593584158949,-1.5099999999999998,505.4000000000233,0.0300000000000011,-0.7999999999999972,0.0817824614767279,0.1513964965039109,88.3324203491211,3.1109695434569886,5,May
2016-06-30,2016-06,48.76,48.25,111.5596,15.63,499672.5,0.042952030099054,0.0317954986742829,0.0037638105663786,1.4400000000000013,-7342.5,-0.509999999999998,-0.5399999999999991,0.136502434827145,0.1329022818543168,90.1681289672852,1.8357086181641051,6,Jun
2016-07-31,2016-07,44.65,44.95,112.4773,11.87,491227.0,-0.0880559972905627,-0.0708450668673652,0.0081924462684837,-3.7600000000000016,-8445.5,0.3000000000000042,0.8100000000000023,0.042952030099054,0.1122108947461709,114.610450744629,24.442321777343807,7,Jul
2016-08-31,2016-08,44.72,45.84,111.4384,13.42,492907.5,0.0015665215243356,0.0196063114888547,-0.0092794516401362,1.5500000000000007,1680.5,1.1200000000000043,0.8200000000000003,-0.0880559972905627,0.1053480116290316,98.7384872436523,-15.871963500976705,8,Aug
2016-09-30,2016-09,45.18,46.57,112.3169,13.29,475209.8,0.0102336821930135,0.0157994845878017,0.0078523683148361,-0.1300000000000007,-17697.70000000001,1.3900000000000006,0.269999999999996,0.0015665215243356,0.0765822437093834,104.545227050781,5.806739807128693,9,Sep
2016-10-31,2016-10,49.78,49.52,113.4747,17.06,473351.25,0.0969587858995888,0.0614200713820545,0.0102555644033817,3.77,-1858.5499999999884,-0.259999999999998,-1.6499999999999986,0.0102336821930135,0.0788196304447964,85.7477874755859,-18.7974395751951,10,Oct
2016-11-30,2016-11,45.66,44.73,116.1075,13.33,488117.0,-0.0863906558377967,-0.1017322109315839,0.0229365815156894,-3.729999999999999,14765.75,-0.9299999999999996,-0.6700000000000017,0.0969587858995888,0.0727792798317528,82.9187545776367,-2.8290328979491903,11,Nov
2016-12-31,2016-12,51.97,53.31,117.9048,14.04,483894.6,0.1294439879187012,0.1754795133899129,0.0153610330821951,0.7099999999999991,-4222.400000000023,1.3400000000000034,2.270000000000003,-0.0863906558377967,0.0903367702953036,102.180465698242,19.261711120605298,12,Dec
2017-01-31,2017-01,52.5,54.58,117.7858,11.99,487905.75,0.0101465405772276,0.0235435844455227,-0.0010097985249473,-2.049999999999999,4011.1500000000233,2.0799999999999983,0.7399999999999949,0.1294439879187012,0.0767573491845532,105.201232910156,3.0207672119139914,1,Jan
2017-02-28,2017-02,53.47,54.87,116.1204,12.92,516394.5,0.018307579363062,0.0052992357906918,-0.014240136794978,0.9299999999999996,28488.75,1.3999999999999986,-0.6799999999999997,0.0101465405772276,0.0759482306290788,114.206359863281,9.005126953125,2,Feb
2017-03-31,2017-03,49.33,51.59,115.6558,12.37,531835.8,-0.0805883337149935,-0.0616388958143256,-0.0040090451243166,-0.5500000000000007,15441.300000000048,2.260000000000005,0.8600000000000065,0.018307579363062,0.0886178415350801,96.6358795166016,-17.57048034667939,3,Mar
2017-04-30,2017-04,51.06,52.31,114.7698,10.82,530548.5,0.0344689965676909,0.0138597021259614,-0.0076901556631536,-1.549999999999999,-1287.3000000000466,1.25,-1.0100000000000051,-0.0805883337149935,0.0802899450301668,119.459922790527,22.824043273925398,4,Apr
2017-05-31,2017-05,48.48,50.33,114.2591,10.41,517387.25,-0.0518500700522785,-0.0385862365942513,-0.0044597065823719,-0.4100000000000001,-13161.25,1.8500000000000012,0.6000000000000014,0.0344689965676909,0.0734388342982536,102.579963684082,-16.879959106445,5,May
2017-06-30,2017-06,45.18,46.37,112.7603,11.18,509195.0,-0.0704968307212019,-0.0819486223848993,-0.0132043497327343,0.7699999999999996,-8192.25,1.1899999999999975,-0.6600000000000037,-0.0518500700522785,0.0500234179408517,126.789016723633,24.209053039550994,6,Jun
2017-07-31,2017-07,46.63,48.48,111.0606,10.26,487819.0,0.0315895997803723,0.0444986433576897,-0.0151883284762757,-0.92,-21376.0,1.8499999999999943,0.6599999999999966,-0.0704968307212019,0.0535365124403223,102.813461303711,-23.975555419922003,7,Jul
2017-08-31,2017-08,48.04,51.7,109.9059,10.59,465716.75,0.0297898863915535,0.0643064397533246,-0.0104514531470973,0.33,-22102.25,3.660000000000004,1.8100000000000092,0.0315895997803723,0.0553441997689398,138.531616210938,35.71815490722702,8,Aug
2017-09-30,2017-09,49.82,56.15,108.8542,9.51,467875.0,0.0363825126222514,0.0825688996700688,-0.0096151729917437,-1.08,2158.25,6.329999999999998,2.6699999999999946,0.0297898863915535,0.0490695209808538,115.534446716309,-22.997169494629006,9,Sep
2017-10-31,2017-10,51.58,57.51,110.8892,10.18,457737.0,0.034717490619164,0.0239321645412102,0.0185221324373614,0.6699999999999999,-10138.0,5.93,-0.3999999999999986,0.0363825126222514,0.0491028570910256,91.4615707397461,-24.072875976562912,10,Oct
2017-11-30,2017-11,56.64,62.71,111.1635,11.28,456748.75,0.0935814489322655,0.0865620788292664,0.0024705859421896,1.0999999999999996,-988.25,6.07,0.1400000000000005,0.034717490619164,0.0531192187209218,92.5960159301758,1.1344451904297017,11,Nov
2017-12-31,2017-12,57.88,64.37,110.8758,11.04,436785.0,0.0216564523778188,0.0261267615095954,-0.0025914345884254,-0.2400000000000002,-19963.75,6.490000000000002,0.4200000000000017,0.0935814489322655,0.0261285415889358,82.7182540893555,-9.877761840820298,12,Dec
2018-01-31,2018-01,63.7,69.08,108.3568,13.54,415527.75,0.0958126608148344,0.0706175672139535,-0.0229811703477773,2.5,-21257.25,5.379999999999996,-1.1100000000000063,0.0216564523778188,0.0334818656089412,92.4267883300781,9.7085342407226,1,Jan
2018-02-28,2018-02,62.23,65.32,107.6501,19.85,421581.5,-0.023347363996991,-0.0559669851762141,-0.0065433328422095,6.310000000000002,6053.75,3.0899999999999963,-2.289999999999999,0.0958126608148344,0.045425683113509,64.4913711547852,-27.935417175292898,2,Feb
2018-03-31,2018-03,62.73,66.02,107.9472,19.97,428084.2,0.0080026035275251,0.0106594583227828,0.0027560659438847,0.1199999999999974,6502.700000000012,3.289999999999999,0.2000000000000028,-0.023347363996991,0.0476903591365796,111.962295532227,47.470924377441804,3,Mar
2018-04-30,2018-04,66.25,72.11,107.9434,15.93,430474.25,0.0545956627576798,0.0882350045036215,-3.5203014864038096e-05,-4.039999999999999,2390.0499999999884,5.859999999999999,2.5700000000000003,0.0080026035275251,0.0480719858111924,123.263473510742,11.301177978515,4,Apr
2018-05-31,2018-05,69.98,76.98,111.047,15.43,434689.0,0.0547740220732109,0.0653529169269315,0.0283465194420271,-0.5,4214.75,7.0,1.1400000000000006,0.0545956627576798,0.0419145182565118,125.666618347168,2.4031448364259944,5,May
2018-06-30,2018-06,67.87,74.41,112.8444,16.09,426013.8,-0.0306153762238752,-0.0339553064464306,0.0160563435210212,0.6600000000000001,-8675.200000000012,6.539999999999992,-0.4600000000000079,0.0547740220732109,0.0499641929478612,103.968589782715,-21.698028564452997,6,Jun
2018-07-31,2018-07,70.98,74.25,113.0595,12.83,407502.25,0.0448040365026836,-0.0021525637263604,0.0019043501684201,-3.26,-18511.54999999999,3.269999999999996,-3.269999999999996,-0.0306153762238752,0.0389436188688266,110.028427124023,6.059837341307997,7,Jul
2018-08-31,2018-08,68.06,72.53,113.8316,12.86,407444.6,-0.0420084781455907,-0.023437508307488,0.0068059344800355,0.0299999999999993,-57.65000000002328,4.469999999999999,1.2000000000000028,0.0448040365026836,0.0433998369545901,112.741683959961,2.7132568359379974,8,Aug
2018-09-30,2018-09,70.23,78.89,114.0787,12.12,397571.0,0.0313859010981696,0.0840542077316772,0.0021683978023014,-0.7400000000000002,-9873.599999999977,8.659999999999997,4.189999999999998,-0.0420084781455907,0.0437026816267379,75.0539093017578,-37.687774658203196,9,Sep
2018-10-31,2018-10,70.75,81.03,114.8313,21.23,418795.75,0.0073769663524174,0.0267649793656357,0.0065755337182205,9.11,21224.75,10.28,1.6200000000000043,0.0313859010981696,0.0400732184404872,92.0164794921875,16.9625701904297,10,Oct
2018-11-30,2018-11,56.96,64.75,116.169,18.07,442879.8,-0.2168032694196267,-0.2242857558929865,0.0115819326066048,-3.16,24084.04999999999,7.789999999999999,-2.490000000000002,0.0073769663524174,0.0955923590571733,80.407585144043,-11.608894348144503,11,Nov
2018-12-31,2018-12,49.52,57.36,116.2118,25.42,441560.0,-0.1399726387273796,-0.1211865042882829,0.0003683609014508,7.350000000000001,-1319.7999999999884,7.839999999999996,0.0499999999999971,-0.2168032694196267,0.1047351536380905,90.607666015625,10.200080871582003,12,Dec
2019-01-31,2019-01,51.38,59.41,114.4425,16.57,441940.5,0.0368723633053971,0.035115366076285,-0.0153418748635481,-8.850000000000001,380.5,8.029999999999994,0.1899999999999977,-0.1399726387273796,0.1033010605961847,87.4241027832031,-3.1835632324219034,1,Jan
2019-02-28,2019-02,54.95,63.96,114.413,14.78,449606.0,0.067174689167893,0.0737953255981036,-0.0002578045986512,-1.790000000000001,7665.5,9.009999999999998,0.980000000000004,0.0368723633053971,0.1147843726280994,96.800163269043,9.3760604858399,2,Feb
2019-03-31,2019-03,58.15,66.14,114.7835,13.71,446658.6,0.0566021981150424,0.033515819587893,0.0032330364793669,-1.0699999999999985,-2947.4000000000237,7.990000000000002,-1.019999999999996,0.067174689167893,0.1181427058598903,82.3282928466797,-14.471870422363295,3,Mar
2019-04-30,2019-04,63.86,71.23,114.9037,13.12,460726.0,0.0936673083219625,0.0741403704366163,0.0010466409183695,-0.5900000000000016,14067.400000000023,7.370000000000003,-0.6199999999999974,0.0566021981150424,0.1286046093284432,79.2534484863281,-3.074844360351605,4,Apr
2019-05-31,2019-05,60.83,71.32,115.9574,18.71,475034.2,-0.0486100989540219,0.0012627150046764,0.0091284960264772,5.590000000000002,14308.200000000012,10.489999999999997,3.1199999999999903,0.0936673083219625,0.0884132444346785,106.471900939941,27.218452453612898,5,May
2019-06-30,2019-06,54.66,64.22,115.4271,15.08,476475.25,-0.106950907832692,-0.1048621043335709,-0.0045837204176466,-3.630000000000001,1441.0499999999884,9.560000000000002,-0.9299999999999926,-0.0486100989540219,0.0774924238201589,106.588455200195,0.11655426025400573,6,Jun
2019-07-31,2019-07,57.35,63.92,115.0776,16.12,449113.5,0.0480406630754579,-0.0046823872033492,-0.0030324784512529,1.040000000000001,-27361.75,6.57,-2.990000000000002,-0.106950907832692,0.0782116110612353,93.5212554931641,-13.067199707030895,7,Jul
2019-08-31,2019-08,54.81,59.04,117.1004,18.98,433589.8,-0.0453001845173544,-0.0794171211658021,0.0174250030731712,2.8599999999999994,-15523.700000000012,4.229999999999997,-2.3400000000000034,0.0480406630754579,0.077637283947382,103.404418945313,9.883163452148892,8,Aug
2019-09-30,2019-09,56.95,62.83,117.3239,16.24,418843.5,0.0383010308351661,0.0622174861226385,0.001906799488947,-2.740000000000002,-14746.299999999988,5.879999999999996,1.6499999999999986,-0.0453001845173544,0.0752721928457852,90.3679885864258,-13.036430358887202,9,Sep
2019-10-31,2019-10,53.96,59.71,116.7463,13.22,433105.75,-0.0539306585536363,-0.0509331558559544,-0.0049352815726502,-3.019999999999998,14262.25,5.75,-0.1299999999999954,0.0383010308351661,0.0596786273656248,97.8367309570313,7.468742370605511,10,Oct
2019-11-30,2019-11,57.03,63.21,116.5595,12.62,449042.2,0.0553344138288927,0.0569630059253061,-0.0016013321564836,-0.6000000000000014,15936.450000000012,6.18,0.4299999999999997,-0.0539306585536363,0.0671452077631581,73.0783843994141,-24.7583465576172,11,Nov
2019-12-31,2019-12,59.88,67.31,115.9096,13.78,441501.5,0.0487651143829799,0.0628462975384147,-0.0055912953001371,1.16,-7540.700000000012,7.43,1.25,0.0553344138288927,0.0505744502976625,74.2798919677734,1.2015075683592897,12,Dec
2020-01-31,2020-01,57.52,63.65,115.2794,18.84,430868.0,-0.0402098461386364,-0.0559094890192062,-0.0054518299825963,5.0600000000000005,-10633.5,6.129999999999996,-1.3000000000000045,0.0487651143829799,0.0519285989319842,138.420944213867,64.1410522460936,1,Jan
2020-02-29,2020-02,50.54,55.66,116.7105,40.11,443201.25,-0.1293676114527433,-0.1341375689056709,0.0123377625793485,21.27,12333.25,5.119999999999997,-1.009999999999998,-0.0402098461386364,0.073582366473748,75.9555587768555,-62.46538543701149,2,Feb
2020-03-31,2020-03,29.21,32.01,121.0227,53.54,457518.25,-0.5482539855603985,-0.5532134021159729,0.0362816217691008,13.43,14317.0,2.799999999999997,-2.3200000000000003,-0.1293676114527433,0.2249391655366434,81.5400314331055,5.58447265625,3,Mar
2020-04-30,2020-04,16.55,18.38,123.2803,34.15,508564.75,-0.5681250145765775,-0.5547852370542308,0.0184824931864229,-19.39,51046.5,1.8299999999999983,-0.9699999999999988,-0.5482539855603985,0.28786926740572,69.3394012451172,-12.200630187988295,4,Apr
2020-05-31,2020-05,28.56,29.38,122.615,27.51,531391.6,0.5456210356483115,0.4690510538181902,-0.0054112593728063,-6.639999999999997,22826.849999999977,0.8200000000000003,-1.009999999999998,-0.5681250145765775,0.4152276591617337,68.5072174072266,-0.8321838378905966,5,May
2020-06-30,2020-06,38.31,40.27,119.6766,30.43,537898.5,0.293703821241174,0.3152926041176318,-0.0242562603891309,2.919999999999998,6506.900000000023,1.9600000000000009,1.1400000000000006,0.5456210356483115,0.4455151834671707,71.2278594970703,2.720642089843693,6,Jun
2020-07-31,2020-07,40.71,43.24,118.69,24.46,530402.8,0.06076280380233,0.0711592179076445,-0.0082780526632983,-5.969999999999999,-7495.699999999953,2.530000000000001,0.5700000000000003,0.293703821241174,0.4489604569492441,66.4732818603516,-4.754577636718693,7,Jul
2020-08-31,2020-08,42.34,44.74,116.9453,26.41,508175.0,0.0392585031918315,0.034101963290976,-0.0148087479603677,1.9499999999999995,-22227.800000000047,2.3999999999999986,-0.1300000000000025,0.06076280380233,0.4488479976348865,65.4660491943359,-1.0072326660157103,8,Aug
2020-09-30,2020-09,39.63,40.91,116.3431,26.37,495827.75,-0.0661458585043752,-0.0894934241206764,-0.0051627199429526,-0.0399999999999991,-12347.25,1.279999999999994,-1.1200000000000043,0.0392585031918315,0.3743867204271308,80.3773803710938,14.911331176757912,9,Sep
2020-10-31,2020-10,39.4,40.19,115.7798,38.02,489399.8,-0.0058205908984558,-0.0177563234801976,-0.0048534729297875,11.650000000000002,-6427.950000000012,0.7899999999999991,-0.4899999999999949,-0.0661458585043752,0.2316097968189621,76.0831680297852,-4.294212341308608,10,Oct
2020-11-30,2020-11,40.94,42.69,114.0984,20.57,488736.0,0.0383417639292553,0.0603464923087608,-0.0146288772526244,-17.450000000000003,-663.7999999999884,1.75,0.9600000000000009,-0.0058205908984558,0.1230954694003614,70.0674667358398,-6.015701293945398,11,Nov
2020-12-31,2020-12,47.02,49.99,111.8992,22.75,499082.5,0.1384654628787802,0.1578582846556084,-0.0194627679307508,2.18,10346.5,2.969999999999999,1.2199999999999989,0.0383417639292553,0.0682503215257447,64.0672912597656,-6.0001754760742045,12,Dec
2021-01-31,2021-01,52.0,54.77,111.4873,33.09,481309.0,0.1006706754695039,0.0913196133701514,-0.0036877829842989,10.340000000000003,-17773.5,2.770000000000003,-0.1999999999999957,0.1384654628787802,0.0731332421734598,77.418701171875,13.351409912109403,1,Jan
2021-02-28,2021-02,59.04,62.28,112.0171,27.95,469604.5,0.1269714617107893,0.128497748170167,0.0047408551447052,-5.140000000000004,-11704.5,3.240000000000002,0.4699999999999988,0.1006706754695039,0.0810976177870995,73.9568023681641,-3.461898803710895,2,Feb
2021-03-31,2021-03,62.33,65.41,113.3366,19.4,500937.0,0.054227670528542,0.0490348050073237,0.0117106138437828,-8.55,31332.5,3.0799999999999983,-0.1600000000000037,0.1269714617107893,0.0560246470192214,78.618766784668,4.661964416503892,3,Mar
2021-04-30,2021-04,61.72,64.81,112.6323,18.61,492395.4,-0.0098348233257992,-0.0092152395334963,-0.0062336213579952,-0.7899999999999991,-8541.599999999977,3.0900000000000034,0.0100000000000051,0.054227670528542,0.0572012607720417,88.1662216186523,9.547454833984304,4,Apr
2021-05-31,2021-05,65.17,68.53,111.2123,16.76,483580.25,0.0543912128493291,0.0558116931581071,-0.0126875434878526,-1.8499999999999976,-8815.150000000023,3.3599999999999994,0.269999999999996,-0.0098348233257992,0.0555050991553668,93.0071334838867,4.840911865234403,5,May
2021-06-30,2021-06,71.38,73.16,111.5777,15.83,463026.25,0.0910184777177249,0.065377217924933,0.0032802219815746,-0.9300000000000016,-20554.0,1.7800000000000011,-1.5799999999999983,0.0543912128493291,0.0479439788430296,74.1271209716797,-18.880012512207003,6,Jun
2021-07-31,2021-07,72.49,75.17,113.0633,18.24,439513.2,0.0154309032507722,0.0271033916667127,0.0132266296710836,2.4099999999999984,-23513.04999999999,2.680000000000007,0.9000000000000057,0.0910184777177249,0.0494906993681144,58.420768737793,-15.706352233886705,7,Jul
2021-08-31,2021-08,67.73,70.75,113.4025,16.48,433070.0,-0.0679194080859737,-0.0605996786660307,0.0029955980430953,-1.759999999999998,-6443.200000000012,3.019999999999996,0.3399999999999892,0.0154309032507722,0.0565486801823551,89.4865493774414,31.06578063964841,8,Aug
2021-09-30,2021-09,71.65,74.49,113.4438,23.14,418454.5,0.0562639410473684,0.0515123516648383,0.0003641232010949,6.66,-14615.5,2.839999999999989,-0.1800000000000068,-0.0679194080859737,0.0567800370865702,80.6969680786133,-8.78958129882811,9,Sep
2021-10-31,2021-10,81.48,83.54,114.0635,16.26,427864.0,0.1285644370844245,0.1146606708808439,0.0054477507545476,-6.879999999999999,9409.5,2.0600000000000023,-0.7799999999999869,0.0562639410473684,0.0677213431621562,79.0292358398438,-1.6677322387694886,10,Oct
2021-11-30,2021-11,79.15,81.05,114.9898,27.19,433809.5,-0.0290128050315843,-0.0302593108873443,0.008088117915717,10.93,5945.5,1.8999999999999917,-0.1600000000000108,0.1285644370844245,0.0739955114623387,86.5691452026367,7.539909362792898,11,Nov
2021-12-31,2021-12,71.71,74.17,115.8045,17.22,424514.6,-0.0987145784325376,-0.0887064924332179,0.0070599957101027,-9.970000000000002,-9294.900000000023,2.460000000000008,0.5600000000000165,-0.0290128050315843,0.0838192929128758,105.345420837402,18.776275634765298,12,Dec
2022-01-31,2022-01,83.22,86.51,115.0373,24.83,414611.0,0.1488574956603114,0.1539002584438158,-0.0066470008875354,7.609999999999999,-9903.599999999977,3.2900000000000063,0.8299999999999983,-0.0987145784325376,0.1038041987274475,138.674987792969,33.329566955567,1,Jan
2022-02-28,2022-02,91.64,97.13,114.9977,30.15,412835.5,0.0963801540305002,0.1157902732219566,-0.0003442954367045,5.32,-1775.5,5.489999999999995,2.1999999999999886,0.1488574956603114,0.0964299419499768,216.15901184082,77.484024047851,2,Feb
2022-03-31,2022-03,108.5,117.25,116.2908,20.56,412704.5,0.1688823153952192,0.1882581199121489,0.0111818224713822,-9.59,-131.0,8.75,3.260000000000005,0.0963801540305002,0.1080609352756682,318.954925537109,102.79591369628898,3,Mar
2022-04-30,2022-04,101.78,104.58,117.1688,33.4,415601.6,-0.063936551819828,-0.1143560785664039,0.0075216794635881,12.84,2897.0999999999767,2.799999999999997,-5.950000000000003,0.1688823153952192,0.1152348360541141,191.143096923828,-127.81182861328097,4,Apr
2022-05-31,2022-05,109.55,113.34,119.6962,26.19,419892.0,0.0735674448807888,0.0804398219814883,0.0213412359300475,-7.209999999999997,4290.400000000023,3.7900000000000063,0.9900000000000092,-0.063936551819828,0.111000402674971,142.258483886719,-48.884613037109006,5,May
2022-06-30,2022-06,114.84,122.71,120.0257,28.71,417341.5,0.0471587892113882,0.0794316972469832,0.0027490204900404,2.52,-2550.5,7.86999999999999,4.079999999999984,0.0735674448807888,0.0833469994269366,130.707321166992,-11.551162719727017,6,Jun
2022-07-31,2022-07,101.62,111.93,122.7512,21.33,425220.4,-0.1222994890872772,-0.0919501720872801,0.0224536560759531,-7.380000000000003,7878.900000000023,10.310000000000002,2.440000000000012,0.0471587892113882,0.1075558932617212,117.176765441895,-13.530555725096988,7,Jul
2022-08-31,2022-08,93.67,100.45,122.3177,25.87,424245.5,-0.0814623989445468,-0.1082135846402323,-0.0035377842895396,4.540000000000003,-974.9000000000232,6.780000000000001,-3.530000000000001,-0.1222994890872772,0.1111382185510155,132.863220214844,15.686454772949006,8,Aug
2022-09-30,2022-09,84.26,89.76,125.5946,31.62,429472.0,-0.1058707106701684,-0.1125206494865569,0.026437501174553,5.75,5226.5,5.5,-1.2800000000000011,-0.0814623989445468,0.0823054973343698,131.985870361328,-0.8773498535159945,9,Sep
2022-10-31,2022-10,87.55,93.33,127.4806,25.88,438303.5,0.0383028021809899,0.0390021578032691,0.014904936679434,-5.740000000000002,8831.5,5.780000000000001,0.2800000000000011,-0.1058707106701684,0.0873211097222911,143.162414550781,11.176544189452983,10,Oct
2022-11-30,2022-11,84.37,91.42,124.8527,20.58,431714.75,-0.0369981705543249,-0.0206773266740576,-0.02082955371562,-5.300000000000001,-6588.75,7.049999999999997,1.269999999999996,0.0383028021809899,0.0727922966878075,116.716285705566,-26.446128845215,11,Nov
2022-12-31,2022-12,76.44,80.92,122.2343,21.67,419171.8,-0.0987057688054635,-0.1220032606040533,-0.0211949476932202,1.0900000000000034,-12542.950000000012,4.480000000000004,-2.569999999999993,-0.0369981705543249,0.0596119941530748,111.195938110352,-5.520347595213991,12,Dec
2023-01-31,2023-01,78.12,82.5,119.8101,19.4,447214.5,0.0217399866364056,0.0193372810410901,-0.0200317054435368,-2.270000000000003,28042.70000000001,4.379999999999996,-0.1000000000000085,-0.0987057688054635,0.0622390414997767,104.267044067383,-6.928894042969006,1,Jan
2023-02-28,2023-02,76.83,82.59,120.3084,20.7,471438.25,-0.0166509171289339,0.0010903144819911,0.004150456673031,1.3000000000000007,24223.75,5.760000000000005,1.3800000000000097,0.0217399866364056,0.059985359170763,120.99437713623,16.727333068847003,2,Feb
2023-03-31,2023-03,73.28,78.43,120.745,18.7,476679.8,-0.0473074685136687,-0.0516821005980512,0.0036224378284979,-2.0,5241.549999999988,5.150000000000006,-0.6099999999999994,-0.0166509171289339,0.0496341392552195,105.379974365234,-15.614402770995994,3,Mar
2023-04-30,2023-04,79.45,84.64,119.2451,15.78,464266.0,0.0808401726168499,0.0762004608854143,-0.0124998450303817,-2.92,-12413.799999999988,5.189999999999998,0.039999999999992,-0.0473074685136687,0.0617476786308609,106.80965423584,1.4296798706059946,4,Apr
2023-05-31,2023-05,71.58,75.47,119.6293,17.94,461258.25,-0.1043121876448456,-0.1146717418132121,0.0032167560131437,2.160000000000002,-3007.75,3.890000000000001,-1.2999999999999972,0.0808401726168499,0.0716135749851509,108.467681884766,1.6580276489259944,5,May
2023-06-30,2023-06,70.25,74.84,119.2969,13.59,459098.8,-0.0187553971240239,-0.0083827248908878,-0.0027824509363503,-4.350000000000001,-2159.450000000012,4.590000000000003,0.7000000000000028,-0.1043121876448456,0.0625576401754171,110.528945922852,2.0612640380860086,6,Jun
2023-07-31,2023-07,76.07,80.11,118.0492,13.63,453034.75,0.0795936607953544,0.0680481888211366,-0.0105138571352068,0.0400000000000009,-6064.049999999988,4.040000000000006,-0.5499999999999972,-0.0187553971240239,0.0728017505560178,107.448783874512,-3.08016204834,7,Jul
2023-08-31,2023-08,81.39,86.15,119.8564,13.57,435439.0,0.0675984463297405,0.0726892727469126,0.0151928728190338,-0.0600000000000005,-17595.75,4.760000000000005,0.7199999999999989,0.0795936607953544,0.0779186357549927,101.141181945801,-6.3076019287110086,8,Aug
2023-09-30,2023-09,89.43,93.72,121.6455,17.52,417207.0,0.0942037810191394,0.0842216506656567,0.0148167176385562,3.9499999999999993,-18232.0,4.289999999999992,-0.4700000000000131,0.0675984463297405,0.0786582952943273,98.6348114013672,-2.5063705444337927,9,Sep
2023-10-31,2023-10,85.64,90.6,123.4971,18.14,421750.0,-0.0433037326366081,-0.0338574005906613,0.0151065968343004,0.620000000000001,4543.0,4.959999999999994,0.6700000000000017,0.0942037810191394,0.0799361613376697,197.887008666992,99.25219726562479,10,Oct
2023-11-30,2023-11,77.69,82.94,121.2221,12.92,443208.5,-0.0974259147591523,-0.0883367582306986,-0.0185932737639227,-5.220000000000001,21458.5,5.25,0.2900000000000062,-0.0433037326366081,0.0779481996468914,156.696136474609,-41.19087219238298,11,Nov
2023-12-31,2023-12,71.9,77.63,119.8331,12.45,439423.8,-0.0774502842353284,-0.0661635044006461,-0.0115244589047529,-0.4700000000000006,-3784.700000000012,5.72999999999999,0.4799999999999897,-0.0974259147591523,0.0860869231558658,142.27946472168,-14.416671752929005,12,Dec
2024-01-31,2024-01,74.15,80.12,120.2274,14.35,426226.0,0.0308138038569403,0.0315715603800281,0.00328500819238,1.9000000000000004,-13197.799999999988,5.969999999999999,0.2400000000000091,-0.0774502842353284,0.0795613507094061,160.373657226563,18.09419250488301,1,Jan
2024-02-29,2024-02,77.25,83.48,121.0659,13.4,439252.25,0.0409568471939136,0.0410815714113832,0.0069500759052001,-0.9499999999999992,13026.25,6.230000000000004,0.2600000000000051,0.0308138038569403,0.0753825432791323,146.598175048828,-13.775482177735,2,Feb
2024-03-31,2024-03,81.28,85.41,120.6588,13.01,448038.0,0.0508530680523167,0.022856107749055,-0.0033682977775431,-0.3900000000000005,8785.75,4.129999999999996,-2.1000000000000085,0.0409568471939136,0.0648948771477996,133.213165283203,-13.385009765625,3,Mar
2024-04-30,2024-04,85.35,89.94,122.1428,15.65,457941.5,0.0488604654102777,0.0516795913845058,0.0122241243827652,2.640000000000001,9903.5,4.590000000000003,0.4600000000000079,0.0508530680523167,0.0679540598027712,163.947341918945,30.73417663574199,4,Apr
2024-05-31,2024-05,80.02,81.75,121.8583,12.92,457200.8,-0.0644838458113605,-0.0954769715651986,-0.0023319577569651,-2.7300000000000004,-740.7000000000116,1.730000000000004,-2.8599999999999994,0.0488604654102777,0.0593489883029198,130.521865844727,-33.42547607421801,5,May
2024-06-30,2024-06,79.77,82.25,123.7095,12.44,456498.0,-0.0031291095060508,0.0060975798681184,0.0150771808680056,-0.4800000000000004,-702.7999999999884,2.480000000000004,0.75,-0.0644838458113605,0.0446544192029943,113.092796325684,-17.429069519042983,6,Jun
2024-07-31,2024-07,81.8,85.15,123.3824,16.36,438714.0,0.0251297496856635,0.0346510174632159,-0.0026475994646117,3.92,-17784.0,3.3500000000000085,0.8700000000000045,-0.0031291095060508,0.0443700756564736,92.3948745727539,-20.6979217529301,7,Jul
2024-08-31,2024-08,76.68,80.36,122.6137,15.0,425904.2,-0.064636325431258,-0.0578978671619632,-0.0062497129185965,-1.3599999999999994,-12809.799999999988,3.6799999999999926,0.3299999999999841,0.0251297496856635,0.0528044595183844,140.975067138672,48.58019256591808,8,Aug
2024-09-30,2024-09,70.24,74.02,121.8849,16.73,416657.25,-0.0877229688505822,-0.0821812129887238,-0.0059616059847105,1.7300000000000004,-9246.950000000012,3.780000000000001,0.1000000000000085,-0.064636325431258,0.055692348713072,130.358779907227,-10.616287231445,9,Sep
2024-10-31,2024-10,71.99,75.63,123.5953,23.16,423706.0,0.0246092711543504,0.0215177029099278,0.0139353616224182,6.43,7048.75,3.640000000000001,-0.1400000000000005,-0.0877229688505822,0.0498966131980651,130.689208984375,0.3304290771480112,10,Oct
2024-11-30,2024-11,69.95,74.35,126.3113,13.51,427904.0,-0.0287465193697213,-0.0170693569617741,0.0217369764606898,-9.65,4198.0,4.399999999999992,0.7599999999999909,0.0246092711543504,0.0467580797738716,128.901641845703,-1.7875671386719887,11,Nov
2024-12-31,2024-12,70.12,73.86,127.5758,17.35,418836.5,0.0024273589415431,-0.0066122634817462,0.0099612028801487,3.8400000000000016,-9067.5,3.739999999999995,-0.6599999999999966,-0.0287465193697213,0.0472687054080115,142.366439819336,13.464797973632983,12,Dec
2025-01-31,2025-01,75.74,79.27,128.8369,16.43,415580.2,0.0770983624206156,0.0706883374246469,0.0098365655714047,-0.9200000000000016,-3256.2999999999884,3.530000000000001,-0.2099999999999937,0.0024273589415431,0.0604446591633077,113.233154296875,-29.133285522460994,1,Jan
2025-02-28,2025-02,71.53,75.44,127.8758,19.63,431072.25,-0.0571894803533563,-0.0495221085238624,-0.007487782961161,3.1999999999999997,15492.049999999988,3.9099999999999966,0.3799999999999954,0.0770983624206156,0.0592324014053825,136.980590820313,23.74743652343801,2,Feb
2025-03-31,2025-03,68.24,72.73,126.243,22.28,436402.5,-0.047086038936869,-0.036583684158753,-0.0128508592879486,2.650000000000002,5330.25,4.490000000000009,0.5800000000000125,-0.0571894803533563,0.0504592567960124,175.901123046875,38.92053222656199,3,Mar
2025-04-30,2025-04,63.54,68.13,124.1402,24.7,442179.25,-0.0713612743420535,-0.0653363093808723,-0.0167970490052855,2.419999999999998,5776.75,4.589999999999996,0.0999999999999872,-0.047086038936869,0.0543292532100373,140.973693847656,-34.927429199219006,4,Apr
2025-05-31,2025-05,62.17,64.45,122.3422,18.57,439957.2,-0.0217970605601243,-0.05552791540038,-0.0145895357444922,-6.129999999999999,-2222.0499999999884,2.280000000000001,-2.309999999999995,-0.0713612743420535,0.0542001291119388,166.827728271484,25.85403442382801,5,May
2025-06-30,2025-06,68.17,71.44,120.5939,16.73,421853.5,0.0921320170934478,0.1029682071830473,-0.0143933337413013,-1.84,-18103.70000000001,3.269999999999996,0.9899999999999948,-0.0217970605601243,0.0712111907614165,221.134902954102,54.30717468261798,6,Jun
2025-07-31,2025-07,68.39,71.04,120.1127,16.72,423466.75,0.0032220297353111,-0.0056148378843294,-0.0039982338750448,-0.0100000000000015,1613.25,2.6500000000000057,-0.6199999999999903,0.0921320170934478,0.0596946406104563,134.22200012207,-86.91290283203199,7,Jul
2025-08-31,2025-08,64.86,67.87,120.5758,15.36,422008.6,-0.0529955142308331,-0.0456489879682475,0.0038481320999546,-1.3599999999999994,-1458.1500000000233,3.010000000000005,0.3599999999999994,0.0032220297353111,0.059152199135587,138.988464355469,4.766464233399006,8,Aug
2025-09-30,2025-09,63.96,67.99,120.0291,16.28,417826.75,-0.0139732129134184,0.0017665248227016,-0.0045443874239108,0.9200000000000016,-4181.849999999977,4.029999999999994,1.019999999999989,-0.0529955142308331,0.0572201910723053,126.740585327148,-12.247879028321009,9,Sep
2025-10-31,2025-10,60.89,64.54,120.7618,17.44,420800.8,-0.0491889303452701,-0.0520754489145529,0.0060857969417567,1.16,2974.0499999999884,3.6500000000000057,-0.3799999999999883,-0.0139732129134184,0.053093612503198,154.512924194336,27.772338867187997,10,Oct
2025-11-30,2025-11,60.06,63.8,121.4177,16.35,426542.0,-0.013724895065299,-0.0115319962730717,0.0054166566838569,-1.09,5741.200000000012,3.739999999999995,0.0899999999999892,-0.0491889303452701,0.0527478642578503,104.351768493652,-50.16115570068399,11,Nov
2025-12-31,2025-12,57.97,62.54,120.1883,14.95,424454.5,-0.0354184272035427,-0.019946838321049,-0.0101769874161909,-1.400000000000002,-2087.5,4.57,0.8300000000000054,-0.013724895065299,0.0223529905912904,132.486221313477,28.134452819824986,12,Dec
