Date,Month,WTI,Brent,DollarIndex,VIX,CrudeStocks,WTI_ret,Brent_ret,DollarIndex_ret,VIX_change,Inventory_change,Brent_WTI_spread,Spread_change,WTI_lag1,Rolling_vol_6m
2006-02-28,2006-02,61.63,60.21,100.2112,12.34,309132.75,-0.06074869425581042,-0.045137532157481175,0.0021097728632568646,-0.6099999999999994,5167.75,-1.4200000000000017,1.0799999999999912,0.09743489686231221,0.06345116982997194
2006-03-31,2006-03,62.69,62.06,100.4281,11.39,323092.8,0.017053180311725313,0.03026320754387779,0.0021620897251333204,-0.9499999999999993,13960.049999999988,-0.6299999999999955,0.7900000000000063,-0.06074869425581042,0.0639772589475357
2006-04-30,2006-04,69.44,70.26,99.7435,11.59,329308.25,0.1022611250662182,0.12410098781744683,-0.00684015783697145,0.1999999999999993,6215.450000000012,0.8200000000000074,1.4500000000000028,0.017053180311725313,0.07288810576868204
2006-05-31,2006-05,70.84,69.78,97.5118,16.44,329467.0,0.01996074256253788,-0.0068552110790527365,-0.022628494417695322,4.850000000000001,158.75,-1.0600000000000023,-1.8800000000000097,0.1022611250662182,0.06061316247117125
2006-06-30,2006-06,70.95,68.56,98.6927,13.08,328665.2,0.0015515906914185251,-0.017638161469103686,0.012037585882840318,-3.360000000000001,-801.7999999999884,-2.3900000000000006,-1.3299999999999983,0.01996074256253788,0.0617756405856034
2006-07-31,2006-07,74.41,73.67,98.4387,14.95,318843.75,0.047614937803118096,0.07188638640519773,-0.0025769627828164943,1.8699999999999992,-9821.450000000012,-0.7399999999999949,1.6500000000000057,0.0015515906914185251,0.05364512055807092
2006-08-31,2006-08,73.04,73.23,97.7138,12.31,315473.5,-0.01858310512245609,-0.00599048762174359,-0.007391221627189637,-2.639999999999999,-3370.25,0.18999999999999773,0.9299999999999926,0.047614937803118096,0.04231513059829756
2006-09-30,2006-09,63.8,61.96,97.9814,11.98,311102.4,-0.13525404593596946,-0.16711615752431097,0.0027348669440305784,-0.33000000000000007,-4371.099999999977,-1.8399999999999963,-2.029999999999994,-0.01858310512245609,0.07964045000284584
2006-10-31,2006-10,58.89,57.81,98.3156,11.1,316772.0,-0.08008189339426419,-0.06932724445428295,0.0034050476869493806,-0.8800000000000008,5669.599999999977,-1.0799999999999983,0.759999999999998,-0.13525404593596946,0.0681088314447151
2006-11-30,2006-11,59.08,58.76,97.5133,10.91,321826.75,0.003221160706699422,0.01629958021129152,-0.008193933468450432,-0.1899999999999995,5054.75,-0.3200000000000003,0.759999999999998,-0.08008189339426419,0.06609053161088548
2006-12-31,2006-12,61.96,62.47,96.7951,11.56,312525.6,0.047596557885488444,0.0612250901998026,-0.007392405790585421,0.6500000000000004,-9301.150000000023,0.509999999999998,0.8299999999999983,0.003221160706699422,0.07285006794371454
2007-01-31,2007-01,54.51,53.68,97.8338,10.42,303611.5,-0.12810484447247816,-0.1516459488420523,0.010673747439106762,-1.1400000000000006,-8914.099999999977,-0.8299999999999983,-1.3399999999999963,0.047596557885488444,0.07429294855044437
2007-02-28,2007-02,59.28,57.56,97.4764,15.42,308953.5,0.08388780991164246,0.06978738935574036,-0.00365982318308955,5.0,5342.0,-1.7199999999999989,-0.8900000000000006,-0.12810484447247816,0.09291808882251745
2007-03-31,2007-03,60.44,62.05,97.0118,14.64,310643.4,0.019379156416706955,0.07511262963144905,-0.004777676833390032,-0.7799999999999994,1689.9000000000233,1.6099999999999994,3.3299999999999983,0.08388780991164246,0.0800308024352323
2007-04-30,2007-04,63.98,67.49,95.6322,14.22,316802.75,0.05691939711683336,0.08403892710469929,-0.014323037159333474,-0.41999999999999993,6159.349999999977,3.509999999999998,1.8999999999999986,0.019379156416706955,0.07509169448262788
2007-05-31,2007-05,63.46,67.21,94.7225,13.05,325231.25,-0.008160748366322856,-0.004157392773440627,-0.009558019061414846,-1.17,8428.5,3.749999999999993,0.23999999999999488,0.05691939711683336,0.07555522579499858
2007-06-30,2007-06,67.49,71.05,94.4449,16.23,330688.8,0.06156965260026581,0.05556180856123483,-0.002934968702550833,3.1799999999999997,5457.549999999988,3.5600000000000023,-0.18999999999999062,-0.008160748366322856,0.07707490273649037
2007-07-31,2007-07,74.12,76.93,93.2059,23.52,332823.5,0.09370596266184439,0.07951206292773438,-0.013205571257005388,7.289999999999999,2134.7000000000116,2.8100000000000023,-0.75,0.06156965260026581,0.03886323147164167
2007-08-31,2007-08,72.36,70.76,93.7603,23.38,318137.6,-0.024031740890064768,-0.08360204817925876,0.005930501073370564,-0.14000000000000057,-14685.900000000023,-1.5999999999999943,-4.409999999999997,0.09370596266184439,0.045178783500053374
2007-09-30,2007-09,79.92,77.17,92.4366,18.0,303878.0,0.09937247381320358,0.0867169111779269,-0.014218521366982984,-5.379999999999999,-14259.599999999977,-2.75,-1.1500000000000057,-0.024031740890064768,0.05161794283301698
2007-10-31,2007-10,85.8,82.34,90.4002,18.53,300595.5,0.07099287215361816,0.06484623587224725,-0.02227652433023941,0.5300000000000011,-3282.5,-3.4599999999999937,-0.7099999999999937,0.09937247381320358,0.052495004413140735
2007-11-30,2007-11,94.77,92.41,89.053,22.87,294362.2,0.09943389698818716,0.11537818155818957,-0.01501478167805459,4.34,-6233.299999999988,-2.3599999999999994,1.0999999999999943,0.07099287215361816,0.047212710412855054
2007-12-31,2007-12,91.69,90.93,90.005,22.5,278453.0,-0.03303958142029462,-0.01614521816212733,0.010633526235658053,-0.370000000000001,-15909.200000000012,-0.7599999999999909,1.6000000000000085,0.09943389698818716,0.06261251439544978
2008-01-31,2008-01,92.97,92.18,89.3971,26.2,270592.5,0.013863538405957776,0.013653207554541247,-0.006776981168085783,3.6999999999999993,-7860.5,-0.789999999999992,-0.030000000000001137,-0.03303958142029462,0.06017645880899774
2008-02-29,2008-02,95.39,94.99,88.6434,26.54,286396.4,0.02569689068934977,0.030028435609728454,-0.008466663510512618,0.33999999999999986,15803.900000000023,-0.4000000000000057,0.38999999999998636,0.013863538405957776,0.05295404183440223
2008-03-31,2008-03,105.45,103.64,86.8399,25.61,296158.0,0.1002631557676672,0.08715173279181787,-0.020555386197709247,-0.9299999999999997,9761.599999999977,-1.8100000000000023,-1.4099999999999966,0.02569689068934977,0.05313434782489221
2008-04-30,2008-04,112.58,109.07,86.5475,20.79,298921.5,0.06542717311109669,0.05106652224674235,-0.003372797298872854,-4.82,2763.5,-3.510000000000005,-1.7000000000000028,0.1002631557676672,0.05266146488932989
2008-05-31,2008-05,125.4,122.8,86.8245,17.83,300519.0,0.10784454816293998,0.11856713777239047,0.0031954437360202093,-2.960000000000001,1597.5,-2.6000000000000085,0.9099999999999966,0.06542717311109669,0.054472260142505835
2008-06-30,2008-06,133.88,132.32,87.0728,23.95,283653.5,0.06543524814430501,0.07466621556233921,0.0028557104537245692,6.120000000000001,-16865.5,-1.5600000000000023,1.0400000000000063,0.10784454816293998,0.03799280139216752
2008-07-31,2008-07,133.37,132.72,86.4538,22.94,277966.75,-0.0038166557088219477,0.003018414606808406,-0.007134383150015466,-1.009999999999998,-5686.75,-0.6500000000000057,0.9099999999999966,0.06543524814430501,0.04293801804265434
2008-08-31,2008-08,116.67,113.24,88.945,20.65,284293.8,-0.13377778379853744,-0.1587321856384909,0.02840803397001679,-2.2900000000000027,6327.049999999988,-3.430000000000007,-2.780000000000001,-0.0038166557088219477,0.09099230900363676
2008-09-30,2008-09,104.11,97.23,91.2651,39.39,276045.5,-0.11390140434910467,-0.1524301544221327,0.025750257047207903,18.740000000000002,-8248.299999999988,-6.8799999999999955,-3.4499999999999886,-0.13377778379853744,0.10104480812273209
2008-10-31,2008-10,76.61,71.58,98.04,59.89,291710.0,-0.30672041595793154,-0.3062636004836863,0.0716071004354708,20.5,15664.5,-5.030000000000001,1.8499999999999943,-0.11390140434910467,0.15243241817642528
2008-11-30,2008-11,57.31,52.45,100.7667,55.84,299119.25,-0.29025248796508407,-0.3109553704955732,0.027432385254557268,-4.049999999999997,7409.25,-4.859999999999999,0.1700000000000017,-0.30672041595793154,0.14919788246135582
2008-12-31,2008-12,41.12,39.95,99.6622,40.0,302149.5,-0.33198050741673635,-0.2722316626300225,-0.011021476249673867,-15.840000000000003,3030.25,-1.1699999999999946,3.690000000000005,-0.29025248796508407,0.1320425404956027
2009-01-31,2009-01,41.71,43.44,100.3521,44.84,315732.4,0.014246287061944418,0.08375200341339628,0.006898534114943011,4.840000000000003,13582.900000000023,1.7299999999999969,2.8999999999999915,-0.33198050741673635,0.13741734713404544
2009-02-28,2009-02,39.09,43.32,102.9737,46.35,332552.75,-0.06487422840399049,-0.0027662534928900584,0.025788614039313096,1.509999999999998,16820.349999999977,4.229999999999997,2.5,0.014246287061944418,0.1460383783609275
2009-03-31,2009-03,47.94,46.54,103.4397,44.14,336642.5,0.20408354920137484,0.07169773574135574,0.004515218408326582,-2.210000000000001,4089.75,-1.3999999999999986,-5.6299999999999955,-0.06487422840399049,0.21650121833384803
2009-04-30,2009-04,49.65,50.18,100.7162,36.5,349523.0,0.035048161484943385,0.07530438306413068,-0.02668217355885716,-7.640000000000001,12880.5,0.5300000000000011,1.9299999999999997,0.20408354920137484,0.20513124971047642
2009-05-31,2009-05,59.03,57.3,97.5519,28.92,350304.8,0.17304739876141628,0.1326840827824176,-0.03192211659789468,-7.579999999999998,781.7999999999884,-1.730000000000004,-2.260000000000005,0.035048161484943385,0.1935462802938901
2009-06-30,2009-06,69.64,68.61,96.0426,26.35,337431.5,0.16529332564739008,0.1801376729821058,-0.015592701030704426,-2.5700000000000003,-12873.299999999988,-1.0300000000000011,0.7000000000000028,0.17304739876141628,0.10797826000899091
2009-07-31,2009-07,64.15,64.44,95.6605,25.92,328149.8,-0.0821150238383428,-0.06270373839402588,-0.003986377956354481,-0.4299999999999997,-9281.700000000012,0.28999999999999204,1.3199999999999932,0.16529332564739008,0.1266580714082166
2009-08-31,2009-08,71.05,72.51,94.373,26.01,327665.25,0.10215976348146416,0.11798992507472761,-0.013550449791913444,0.08999999999999986,-484.54999999998836,1.460000000000008,1.170000000000016,-0.0821150238383428,0.10753677181609624
2009-09-30,2009-09,69.41,67.65,93.6638,25.61,318124.75,-0.023352905191616813,-0.06937712876670421,-0.007543240076566704,-0.40000000000000213,-9540.5,-1.759999999999991,-3.219999999999999,0.10215976348146416,0.1033381717263406
2009-10-31,2009-10,75.72,72.77,92.2598,30.69,319911.4,0.08701137698962924,0.07295642774219768,-0.015103264874452016,5.080000000000002,1786.6500000000233,-2.950000000000003,-1.190000000000012,-0.023352905191616813,0.1028360547131167
2009-11-30,2009-11,77.99,76.66,91.7996,24.51,319976.0,0.02953828700128458,0.0520762775934136,-0.005000570022158257,-6.18,64.59999999997672,-1.3299999999999983,1.6200000000000045,0.08701137698962924,0.09006658816509183
2009-12-31,2009-12,74.47,74.46,92.2586,21.68,312465.25,-0.046184253619852456,-0.029117991507837893,0.004987563189234656,-2.830000000000002,-7510.75,-0.010000000000005116,1.3199999999999932,0.02953828700128458,0.07423191001441524
2010-01-31,2010-01,78.33,76.17,92.4403,24.62,308210.8,0.05053431165659372,0.022705615940125767,0.00196752724153626,2.9400000000000013,-4254.450000000012,-2.1599999999999966,-2.1499999999999915,-0.046184253619852456,0.0591016883234691
2010-02-28,2010-02,76.39,73.75,93.8867,19.5,315416.25,-0.025078873825878922,-0.03228668916476707,0.015525705390472488,-5.120000000000001,7205.450000000012,-2.6400000000000006,-0.480000000000004,0.05053431165659372,0.051825154177367036
2010-03-31,2010-03,81.2,78.83,93.1499,17.59,327313.75,0.061063449614363385,0.06661263985188715,-0.007878712630004614,-1.9100000000000001,11897.5,-2.3700000000000045,0.269999999999996,-0.025078873825878922,0.05174122734519024
2010-04-30,2010-04,84.29,84.82,92.6391,22.05,336243.0,0.037347986841758996,0.07323772897462799,-0.005498724758128404,4.460000000000001,8929.25,0.5299999999999869,2.8999999999999915,0.061063449614363385,0.043349107045266996
2010-05-31,2010-05,73.74,75.95,95.5306,32.07,342737.0,-0.13371784120339303,-0.11045613500466267,0.030735316260108725,10.02,6494.0,2.210000000000008,1.680000000000021,0.037347986841758996,0.07456058688343276
2010-06-30,2010-06,75.34,74.76,96.0606,34.54,342680.25,0.021465809457897223,-0.01579224645441979,0.0055326273016653715,2.469999999999999,-56.75,-0.5799999999999983,-2.7900000000000063,-0.13371784120339303,0.0729726544729647
2010-07-31,2010-07,76.32,75.58,94.4547,23.5,336098.0,0.01292382487613608,0.010908715333981078,-0.016858887825200064,-11.04,-6582.25,-0.7399999999999949,-0.1599999999999966,0.021465809457897223,0.06949561896064961
2010-08-31,2010-08,76.6,77.04,93.6822,26.05,336686.75,0.0036620496065138397,0.019133069568527006,-0.00821215127291186,2.5500000000000007,588.75,0.44000000000001194,1.1800000000000068,0.01292382487613608,0.06876632721832902
2010-09-30,2010-09,75.24,77.84,92.7626,23.7,337836.5,-0.017914072313715224,0.01033067038787916,-0.009864661897748483,-2.3500000000000014,1149.75,2.6000000000000085,2.1599999999999966,0.0036620496065138397,0.06207882869028996
2010-10-31,2010-10,81.89,82.67,90.2291,21.2,342646.2,0.08469387884926682,0.06020134138683453,-0.02769154987042377,-2.5,4809.700000000012,0.7800000000000011,-1.8200000000000074,-0.017914072313715224,0.07193966191218884
2010-11-30,2010-11,84.25,85.28,90.5095,23.54,339165.5,0.02841168595037402,0.031083181152950168,0.0031028261252794564,2.34,-3480.7000000000116,1.0300000000000011,0.25,0.08469387884926682,0.03459320883738407
2010-12-31,2010-12,89.15,91.45,91.1835,17.75,322105.6,0.05653177507667895,0.06985241441934065,0.007419142087109698,-5.789999999999999,-17059.900000000023,2.299999999999997,1.269999999999996,0.02841168595037402,0.037299170412596436
2011-01-31,2011-01,89.17,96.52,90.1112,19.53,316555.25,0.00022431583763804497,0.05395786591995666,-0.011829496444261345,1.7800000000000011,-5550.349999999977,7.349999999999994,5.049999999999997,0.05653177507667895,0.038664627772916425
2011-02-28,2011-02,88.58,103.72,89.3967,18.35,324369.0,-0.006638561651735486,0.07194471991363205,-0.007960694468707175,-1.1799999999999997,7813.75,15.14,7.790000000000006,0.00022431583763804497,0.04005504906518639
2011-03-31,2011-03,102.86,114.64,88.4872,17.74,330209.5,0.1494627418517176,0.10010182284945301,-0.010225859961303208,-0.610000000000003,5840.5,11.780000000000001,-3.3599999999999994,-0.006638561651735486,0.0587604378752054
2011-04-30,2011-04,109.53,123.26,86.9214,14.75,338591.0,0.06282964398888513,0.07249916201418038,-0.01785364676183754,-2.9899999999999984,8381.5,13.730000000000004,1.9500000000000028,0.1494627418517176,0.056987123228508144
2011-05-31,2011-05,100.9,114.99,86.9464,15.45,349066.25,-0.0820685569760915,-0.06945077747352357,0.0002875748145694246,0.6999999999999993,10475.25,14.08999999999999,0.3599999999999852,0.06282964398888513,0.07853837904227413
2011-06-30,2011-06,96.26,113.83,86.9412,16.52,342393.25,-0.0470770634846005,-0.010139060723448168,-5.980875003785968e-05,1.0700000000000003,-6673.0,17.569999999999993,3.480000000000004,-0.0820685569760915,0.08282630122690932
2011-07-31,2011-07,97.3,116.97,86.3178,25.25,332905.0,0.010746125316996036,0.02721138432549086,-0.007196194024428948,8.73,-9488.25,19.67,2.1000000000000085,-0.0470770634846005,0.08261820223577003
2011-08-31,2011-08,86.33,110.22,86.8983,31.62,331194.5,-0.1196218269445275,-0.0594391232075262,0.006702635300769089,6.370000000000001,-1710.5,23.89,4.219999999999999,0.010746125316996036,0.09955169944661289
2011-09-30,2011-09,85.52,112.83,89.7253,42.96,321211.4,-0.009426895530642021,0.023403892695265327,0.032014311213587554,11.34,-9983.099999999977,27.310000000000002,3.4200000000000017,-0.1196218269445275,0.06592741393826067
2011-10-31,2011-10,86.32,109.55,90.6098,29.96,314852.25,0.009311054233089422,-0.02950119510887994,0.009809594391825271,-13.0,-6359.150000000023,23.230000000000004,-4.079999999999998,-0.009426895530642021,0.05310436761834084
2011-11-30,2011-11,97.16,110.77,91.2649,27.8,312900.5,0.11829778318409279,0.011074913487366445,0.00720389183421144,-2.16,-1951.75,13.61,-9.620000000000005,0.009311054233089422,0.07819624758162359
2011-12-31,2011-12,98.56,107.87,92.2056,23.4,307738.8,0.014306395651238368,-0.0265291811415036,0.0102545994413612,-4.400000000000002,-5161.700000000012,9.310000000000002,-4.299999999999997,0.11829778318409279,0.07577141301068764
2012-01-31,2012-01,100.27,110.69,91.6463,19.44,309300.25,0.01720104775062392,0.025806703010194276,-0.006084263750971708,-3.9599999999999973,1561.4500000000116,10.420000000000002,1.1099999999999994,0.014306395651238368,0.07593310441989881
2012-02-29,2012-02,102.2,119.33,89.9605,18.43,315370.25,0.019065130233769878,0.07515926298403208,-0.01856591739278457,-1.0100000000000016,6070.0,17.129999999999995,6.709999999999994,0.01720104775062392,0.0453599118960937
2012-03-31,2012-03,106.16,125.45,90.5112,15.5,325457.4,0.03801571225434852,0.05001450843086719,0.006102914853245878,-2.9299999999999997,10087.150000000023,19.290000000000006,2.160000000000011,0.019065130233769878,0.04147308633826306
2012-04-30,2012-04,103.32,119.75,90.8156,17.15,344968.0,-0.027116421796312906,-0.04650103652140647,0.00335747706295475,1.6499999999999986,19510.599999999977,16.430000000000007,-2.8599999999999994,0.03801571225434852,0.04827566825264289
2012-05-31,2012-05,94.66,110.34,92.4928,24.06,357930.75,-0.08753944374953804,-0.0818397284467407,0.018299726633361324,6.91,12962.75,15.680000000000007,-0.75,-0.027116421796312906,0.04603134582893123
2012-06-30,2012-06,82.3,95.16,93.8809,17.08,359457.6,-0.1399204167950776,-0.14800682240952767,0.014896153992284056,-6.98,1526.8499999999767,12.86,-2.8200000000000074,-0.08753944374953804,0.07023254120604615
2012-07-31,2012-07,87.9,102.62,93.4062,18.93,351334.25,0.0658286970081079,0.07547316007906257,-0.005069233455321509,1.8500000000000014,-8123.349999999977,14.719999999999999,1.8599999999999994,-0.1399204167950776,0.07903026420646907
2012-08-31,2012-08,94.13,113.36,92.5283,17.47,337643.6,0.0684770008679969,0.0995357498686058,-0.009443180515574134,-1.4600000000000009,-13690.650000000023,19.230000000000004,4.510000000000005,0.0658286970081079,0.08639009775963345
2012-09-30,2012-09,94.51,112.86,90.9802,15.73,337531.0,0.004028843447835939,-0.004420482841431372,-0.016872643247629604,-1.7399999999999984,-112.59999999997672,18.349999999999994,-0.8800000000000097,0.0684770008679969,0.08338213529351923
2012-10-31,2012-10,89.49,111.71,90.7566,18.6,344173.75,-0.05457876181219756,-0.01024188495823708,-0.0024607026515912622,2.870000000000001,6642.75,22.22,3.8700000000000045,0.004028843447835939,0.08463646564215348
2012-11-30,2012-11,86.53,109.06,91.4751,15.87,347231.4,-0.0336357125761193,-0.02400803808484131,0.007885606326347272,-2.730000000000002,3057.6500000000233,22.53,0.3100000000000023,-0.05457876181219756,0.07922456295317201
2012-12-31,2012-12,87.86,109.49,90.8804,18.02,341113.0,0.015253463928985411,0.003935031387418242,-0.006522447727928871,2.1500000000000004,-6118.400000000023,21.629999999999995,-0.9000000000000057,-0.0336357125761193,0.05033753281768827
2013-01-31,2013-01,94.76,112.96,90.8255,14.28,335311.0,0.07560274074295137,0.03120055285959822,-0.0006042731872826224,-3.74,-5802.0,18.19999999999999,-3.430000000000007,0.015253463928985411,0.05257905134907022
2013-02-28,2013-02,95.31,116.05,91.5509,15.51,346048.0,0.005787357658950221,0.026987358975514297,0.007955018581485618,1.2300000000000004,10737.0,20.739999999999995,2.5400000000000063,0.07560274074295137,0.04490546377353167
2013-03-31,2013-03,92.94,108.47,92.4132,12.7,355997.6,-0.025180613292702603,-0.06754749566831997,0.009374723821577113,-2.8100000000000005,9949.599999999977,15.530000000000001,-5.209999999999994,0.005787357658950221,0.046215652828909125
2013-04-30,2013-04,92.02,102.25,92.0478,13.52,361220.75,-0.009948178929509943,-0.05905284212921469,-0.00396181824822861,0.8200000000000003,5223.150000000023,10.230000000000004,-5.299999999999997,-0.025180613292702603,0.039285586365776254
2013-05-31,2013-05,94.51,102.56,92.529,16.3,366023.6,0.02669970427964241,0.003027198249448304,0.00521410155764368,2.780000000000001,4802.849999999977,8.049999999999997,-2.180000000000007,-0.009948178929509943,0.03501677956308217
2013-06-30,2013-06,95.77,102.92,93.2836,16.86,362836.0,0.013243834526563525,0.003503994241183861,0.008122206442661373,0.5599999999999987,-3187.5999999999767,7.150000000000006,-0.8999999999999915,0.02669970427964241,0.03502006551890612
2013-07-31,2013-07,104.67,107.93,93.8724,13.45,338944.75,0.08886306033326452,0.04753088142371187,0.006292097956490217,-3.41,-23891.25,3.260000000000005,-3.8900000000000006,0.013243834526563525,0.03975563712943079
2013-08-31,2013-08,106.57,111.28,93.7149,17.01,332419.8,0.01798950236607233,0.030566678777931955,-0.0016792185506115942,3.5600000000000023,-6524.950000000012,4.710000000000008,1.4500000000000028,0.08886306033326452,0.03940381691699438
2013-09-30,2013-09,106.29,111.6,93.4706,16.6,330400.5,-0.0026308386873745704,0.002871502332022935,-0.002610246399525451,-0.41000000000000014,-2019.2999999999884,5.309999999999988,0.5999999999999801,0.01798950236607233,0.0352478529569572
2013-10-31,2013-10,100.54,109.08,92.4993,13.75,348118.0,-0.05561554928106105,-0.02283949196982249,-0.010445871423637954,-2.8500000000000014,17717.5,8.539999999999992,3.230000000000004,-0.0026308386873745704,0.04669412751415794
2013-11-30,2013-11,93.86,107.79,93.3737,13.7,358396.2,-0.06875134789815807,-0.0118966681838506,0.009408644077796069,-0.05000000000000071,10278.200000000012,13.930000000000007,5.390000000000015,-0.05561554928106105,0.056946440157070045
2013-12-31,2013-12,97.63,110.76,93.534,13.72,339051.0,0.039380512871308504,0.027180808509223553,0.0017152855586255455,0.02000000000000135,-19345.20000000001,13.13000000000001,-0.7999999999999972,-0.06875134789815807,0.05922192595782629
2014-01-31,2014-01,94.62,108.12,94.4648,18.41,323861.0,-0.03131595303457768,-0.024123976894514065,0.009902271778181593,4.6899999999999995,-15190.0,13.5,0.36999999999999034,0.039380512871308504,0.04238778951594399
2014-02-28,2014-02,100.82,108.9,94.6456,14.0,331104.0,0.06346787845148238,0.007188308530667875,0.001912111180413234,-4.41,7243.0,8.080000000000013,-5.4199999999999875,-0.03131595303457768,0.05267582096093107
2014-03-31,2014-03,100.8,107.48,94.4408,13.88,345435.25,-0.00019839301721624736,-0.01312524619162403,-0.0021662063488907535,-0.11999999999999922,14331.25,6.680000000000007,-1.4000000000000057,0.06346787845148238,0.05274621236219165
2014-04-30,2014-04,102.07,107.76,93.9956,13.41,362037.25,0.012520496778138934,0.0026017483548184117,-0.004725210504490818,-0.47000000000000064,16602.0,5.690000000000012,-0.9899999999999949,-0.00019839301721624736,0.047760271345929126
2014-05-31,2014-05,102.18,109.54,93.67,11.4,362402.6,0.001077111487244764,0.01638324725346596,-0.0034700054427734273,-2.01,365.3499999999767,7.359999999999999,1.6699999999999875,0.012520496778138934,0.03321269850538896
2014-06-30,2014-06,105.79,111.8,93.8274,11.57,354869.0,0.03472003309603089,0.02042178136542372,0.0016789570092656803,0.16999999999999993,-7533.599999999977,6.009999999999991,-1.3500000000000085,0.001077111487244764,0.032552706042574354
2014-07-31,2014-07,103.59,106.77,93.6039,16.95,342269.5,-0.02101519692867182,-0.0460345725307878,-0.002384874948123006,5.379999999999999,-12599.5,3.1799999999999926,-2.8299999999999983,0.03472003309603089,0.0298865881307432
2014-08-31,2014-08,96.54,101.61,94.5808,11.98,331594.4,-0.0704833698376639,-0.04953503269242088,0.01038244634565011,-4.969999999999999,-10675.099999999977,5.069999999999993,1.8900000000000006,-0.02101519692867182,0.03594261940334452
2014-09-30,2014-09,93.21,97.09,96.1209,16.31,327705.5,-0.03510241815928161,-0.04550357211573619,0.016152278492480576,4.329999999999998,-3888.9000000000233,3.8800000000000097,-1.1899999999999835,-0.0704833698376639,0.03737311086838917
2014-10-31,2014-10,84.4,87.43,97.4396,14.03,342701.4,-0.09928761047115398,-0.1047999101892545,0.0136259247425361,-2.2799999999999994,14995.900000000023,3.030000000000001,-0.8500000000000085,-0.03510241815928161,0.04834032312939859
2014-11-30,2014-11,75.79,79.44,99.1147,13.33,348156.75,-0.10760104377797397,-0.09583645345588199,0.017045066487678895,-0.6999999999999993,5455.349999999977,3.6499999999999915,0.6199999999999903,-0.09928761047115398,0.05367682121776298
2014-12-31,2014-12,59.29,62.34,101.4441,19.2,350872.75,-0.24552570010466113,-0.24239874539772632,0.023230142502676188,5.869999999999999,2716.0,3.0500000000000043,-0.5999999999999872,-0.10760104377797397,0.0806029116014763
2015-01-31,2015-01,47.22,47.76,103.7607,20.97,363976.0,-0.2276231260619097,-0.2664148052548443,0.02257937846993041,1.7699999999999996,13103.25,0.5399999999999991,-2.510000000000005,-0.24552570010466113,0.08586493620914452
2015-02-28,2015-02,50.58,58.1,105.1685,13.34,396376.25,0.06873870958445227,0.19597719477351916,0.013476539484670091,-7.629999999999999,32400.25,7.520000000000003,6.980000000000004,-0.2276231260619097,0.11819414388750223
2015-03-31,2015-03,47.82,55.89,107.3647,15.29,427918.0,-0.05611227921164019,-0.03878019057625881,0.02066762440070935,1.9499999999999993,31541.75,8.07,0.5499999999999972,0.06873870958445227,0.11590097865479587
2015-04-30,2015-04,54.45,59.52,106.3523,14.55,453767.5,0.1298388873487908,0.06292691724322985,-0.0094742820918432,-0.7399999999999984,25849.5,5.07,-3.0,-0.05611227921164019,0.15257084791943593
2015-05-31,2015-05,59.27,64.08,105.4065,13.84,449211.4,0.08482042642077703,0.07381991223526718,-0.008932864081692138,-0.7100000000000009,-4556.099999999977,4.809999999999995,-0.2600000000000051,0.1298388873487908,0.16367444550662735
2015-06-30,2015-06,59.82,61.48,106.179,18.23,434569.5,0.009236777402055196,-0.04142038408970894,0.007302045106712285,4.390000000000001,-14641.900000000023,1.6599999999999966,-3.1499999999999986,0.08482042642077703,0.12946864113095544
2015-07-31,2015-07,50.9,56.56,108.1236,12.12,429155.4,-0.1614771296453248,-0.08340989708207758,0.018148668049648542,-6.110000000000001,-5414.099999999977,5.660000000000004,4.000000000000007,0.009236777402055196,0.10690910699675825
2015-08-31,2015-08,42.87,46.52,109.9768,28.43,422227.75,-0.17169064294659142,-0.19541969393785363,0.016994417265718376,16.310000000000002,-6927.650000000023,3.6500000000000057,-2.009999999999998,-0.1614771296453248,0.12512429437120848
2015-09-30,2015-09,45.48,47.62,110.8513,24.5,424510.25,0.05910038827244968,0.02337051340825269,0.007920229096261444,-3.9299999999999997,2282.5,2.1400000000000006,-1.5100000000000051,-0.17169064294659142,0.1286575525867977
2015-10-31,2015-10,46.22,48.43,109.9036,15.07,441814.2,0.016139935963899177,0.0168666153564212,-0.008586045628378614,-9.43,17303.95000000001,2.210000000000001,0.07000000000000028,0.05910038827244968,0.11145415229760437
2015-11-30,2015-11,42.44,44.27,111.6916,16.13,455785.75,-0.08532129110045217,-0.08981220967108827,0.01613788389003723,1.0599999999999987,13971.549999999988,1.8300000000000054,-0.37999999999999545,0.016139935963899177,0.0980580807549759
2015-12-31,2015-12,37.19,38.01,112.7857,18.21,454872.5,-0.1320514058088036,-0.15245796374289222,0.009748056162953489,2.080000000000002,-913.25,0.8200000000000003,-1.0100000000000051,-0.08532129110045217,0.09630315208802799
2016-01-31,2016-01,31.68,30.7,115.2344,20.2,458442.2,-0.16035434099075374,-0.2135866284080059,0.021478756819546696,1.9899999999999984,3569.7000000000116,-0.9800000000000004,-1.8000000000000007,-0.1320514058088036,0.09611224051182497
2016-02-29,2016-02,30.32,32.18,114.2817,20.55,476630.75,-0.04387800617205384,0.047082486971085746,-0.008301861801760957,0.3500000000000014,18188.54999999999,1.8599999999999994,2.84,-0.16035434099075374,0.0849878706958479
2016-03-31,2016-03,37.55,38.21,111.8934,13.95,497084.0,0.21386581743597244,0.1717521198945713,-0.021119820650542742,-6.600000000000001,20453.25,0.6600000000000037,-1.1999999999999957,-0.04387800617205384,0.13582105479451326
2016-04-30,2016-04,40.75,41.58,110.0171,15.7,506509.6,0.08178246147672796,0.08452202097105843,-0.016910824089109155,1.75,9425.599999999977,0.8299999999999983,0.1699999999999946,0.21386581743597244,0.14292576046035738
2016-05-31,2016-05,46.71,46.74,111.1405,14.19,507015.0,0.13650243482714508,0.11698104668084497,0.010159358415894992,-1.5099999999999998,505.4000000000233,0.030000000000001137,-0.7999999999999972,0.08178246147672796,0.15139649650391093
2016-06-30,2016-06,48.76,48.25,111.5596,15.63,499672.5,0.04295203009905402,0.031795498674282996,0.0037638105663786448,1.4400000000000013,-7342.5,-0.509999999999998,-0.5399999999999991,0.13650243482714508,0.13290228185431688
2016-07-31,2016-07,44.65,44.95,112.4773,11.87,491227.0,-0.08805599729056279,-0.07084506686736525,0.0081924462684837,-3.7600000000000016,-8445.5,0.30000000000000426,0.8100000000000023,0.04295203009905402,0.1122108947461709
2016-08-31,2016-08,44.72,45.84,111.4384,13.42,492907.5,0.0015665215243356734,0.019606311488854722,-0.009279451640136216,1.5500000000000007,1680.5,1.1200000000000045,0.8200000000000003,-0.08805599729056279,0.10534801162903165
2016-09-30,2016-09,45.18,46.57,112.3169,13.29,475209.8,0.010233682193013571,0.015799484587801782,0.007852368314836156,-0.13000000000000078,-17697.70000000001,1.3900000000000006,0.269999999999996,0.0015665215243356734,0.07658224370938342
2016-10-31,2016-10,49.78,49.52,113.4747,17.06,473351.25,0.09695878589958884,0.06142007138205452,0.010255564403381712,3.7699999999999996,-1858.5499999999884,-0.259999999999998,-1.6499999999999986,0.010233682193013571,0.07881963044479649
2016-11-30,2016-11,45.66,44.73,116.1075,13.33,488117.0,-0.0863906558377967,-0.10173221093158391,0.022936581515689447,-3.7299999999999986,14765.75,-0.9299999999999997,-0.6700000000000017,0.09695878589958884,0.07277927983175281
2016-12-31,2016-12,51.97,53.31,117.9048,14.04,483894.6,0.12944398791870126,0.17547951338991297,0.015361033082195164,0.7099999999999991,-4222.400000000023,1.3400000000000034,2.270000000000003,-0.0863906558377967,0.09033677029530363
2017-01-31,2017-01,52.5,54.58,117.7858,11.99,487905.75,0.010146540577227636,0.023543584445522736,-0.001009798524947314,-2.049999999999999,4011.1500000000233,2.0799999999999983,0.7399999999999949,0.12944398791870126,0.07675734918455322
2017-02-28,2017-02,53.47,54.87,116.1204,12.92,516394.5,0.018307579363062043,0.005299235790691803,-0.014240136794978042,0.9299999999999997,28488.75,1.3999999999999986,-0.6799999999999997,0.010146540577227636,0.07594823062907885
2017-03-31,2017-03,49.33,51.59,115.6558,12.37,531835.8,-0.08058833371499352,-0.06163889581432569,-0.004009045124316657,-0.5500000000000007,15441.300000000047,2.260000000000005,0.8600000000000065,0.018307579363062043,0.08861784153508015
2017-04-30,2017-04,51.06,52.31,114.7698,10.82,530548.5,0.03446899656769098,0.013859702125961437,-0.007690155663153675,-1.549999999999999,-1287.3000000000466,1.25,-1.0100000000000051,-0.08058833371499352,0.08028994503016686
2017-05-31,2017-05,48.48,50.33,114.2591,10.41,517387.25,-0.051850070052278596,-0.03858623659425131,-0.004459706582371936,-0.41000000000000014,-13161.25,1.8500000000000014,0.6000000000000014,0.03446899656769098,0.07343883429825362
2017-06-30,2017-06,45.18,46.37,112.7603,11.18,509195.0,-0.07049683072120194,-0.0819486223848993,-0.013204349732734322,0.7699999999999996,-8192.25,1.1899999999999977,-0.6600000000000037,-0.051850070052278596,0.05002341794085174
2017-07-31,2017-07,46.63,48.48,111.0606,10.26,487819.0,0.031589599780372346,0.044498643357689716,-0.015188328476275714,-0.9199999999999999,-21376.0,1.8499999999999943,0.6599999999999966,-0.07049683072120194,0.05353651244032235
2017-08-31,2017-08,48.04,51.7,109.9059,10.59,465716.75,0.029789886391553555,0.06430643975332462,-0.01045145314709739,0.33000000000000007,-22102.25,3.6600000000000037,1.8100000000000094,0.031589599780372346,0.055344199768939895
2017-09-30,2017-09,49.82,56.15,108.8542,9.51,467875.0,0.03638251262225145,0.08256889967006886,-0.009615172991743748,-1.08,2158.25,6.329999999999998,2.6699999999999946,0.029789886391553555,0.04906952098085383
2017-10-31,2017-10,51.58,57.51,110.8892,10.18,457737.0,0.03471749061916407,0.023932164541210277,0.01852213243736145,0.6699999999999999,-10138.0,5.93,-0.3999999999999986,0.03638251262225145,0.049102857091025666
2017-11-30,2017-11,56.64,62.71,111.1635,11.28,456748.75,0.0935814489322655,0.08656207882926648,0.0024705859421896292,1.0999999999999996,-988.25,6.07,0.14000000000000057,0.03471749061916407,0.0531192187209218
2017-12-31,2017-12,57.88,64.37,110.8758,11.04,436785.0,0.02165645237781888,0.026126761509595475,-0.0025914345884254786,-0.2400000000000002,-19963.75,6.490000000000002,0.4200000000000017,0.0935814489322655,0.026128541588935805
2018-01-31,2018-01,63.7,69.08,108.3568,13.54,415527.75,0.09581266081483442,0.07061756721395351,-0.022981170347777358,2.5,-21257.25,5.3799999999999955,-1.1100000000000065,0.02165645237781888,0.03348186560894124
2018-02-28,2018-02,62.23,65.32,107.6501,19.85,421581.5,-0.023347363996991,-0.055966985176214123,-0.006543332842209537,6.310000000000002,6053.75,3.0899999999999963,-2.289999999999999,0.09581266081483442,0.04542568311350909
2018-03-31,2018-03,62.73,66.02,107.9472,19.97,428084.2,0.008002603527525132,0.010659458322782811,0.002756065943884778,0.11999999999999744,6502.700000000012,3.289999999999999,0.20000000000000284,-0.023347363996991,0.047690359136579694
2018-04-30,2018-04,66.25,72.11,107.9434,15.93,430474.25,0.0545956627576798,0.08823500450362154,-3.5203014864038096e-05,-4.039999999999999,2390.0499999999884,5.859999999999999,2.5700000000000003,0.008002603527525132,0.04807198581119246
2018-05-31,2018-05,69.98,76.98,111.047,15.43,434689.0,0.054774022073210915,0.06535291692693157,0.02834651944202715,-0.5,4214.75,7.0,1.1400000000000006,0.0545956627576798,0.04191451825651184
2018-06-30,2018-06,67.87,74.41,112.8444,16.09,426013.8,-0.030615376223875224,-0.03395530644643063,0.016056343521021255,0.6600000000000001,-8675.200000000012,6.539999999999992,-0.46000000000000796,0.054774022073210915,0.04996419294786126
2018-07-31,2018-07,70.98,74.25,113.0595,12.83,407502.25,0.04480403650268361,-0.0021525637263604125,0.0019043501684201658,-3.26,-18511.54999999999,3.269999999999996,-3.269999999999996,-0.030615376223875224,0.03894361886882661
2018-08-31,2018-08,68.06,72.53,113.8316,12.86,407444.6,-0.04200847814559072,-0.02343750830748803,0.006805934480035525,0.02999999999999936,-57.65000000002328,4.469999999999999,1.2000000000000028,0.04480403650268361,0.04339983695459019
2018-09-30,2018-09,70.23,78.89,114.0787,12.12,397571.0,0.03138590109816963,0.08405420773167727,0.0021683978023014916,-0.7400000000000002,-9873.599999999977,8.659999999999997,4.189999999999998,-0.04200847814559072,0.043702681626737946
2018-10-31,2018-10,70.75,81.03,114.8313,21.23,418795.75,0.007376966352417469,0.02676497936563571,0.006575533718220505,9.110000000000001,21224.75,10.280000000000001,1.6200000000000045,0.03138590109816963,0.04007321844048728
2018-11-30,2018-11,56.96,64.75,116.169,18.07,442879.8,-0.2168032694196267,-0.2242857558929865,0.011581932606604894,-3.16,24084.04999999999,7.789999999999999,-2.490000000000002,0.007376966352417469,0.09559235905717339
2018-12-31,2018-12,49.52,57.36,116.2118,25.42,441560.0,-0.13997263872737964,-0.12118650428828293,0.0003683609014508704,7.350000000000001,-1319.7999999999884,7.839999999999996,0.04999999999999716,-0.2168032694196267,0.10473515363809055
2019-01-31,2019-01,51.38,59.41,114.4425,16.57,441940.5,0.036872363305397116,0.03511536607628507,-0.0153418748635481,-8.850000000000001,380.5,8.029999999999994,0.18999999999999773,-0.13997263872737964,0.10330106059618473
2019-02-28,2019-02,54.95,63.96,114.413,14.78,449606.0,0.06717468916789304,0.07379532559810364,-0.0002578045986512123,-1.790000000000001,7665.5,9.009999999999998,0.980000000000004,0.036872363305397116,0.11478437262809943
2019-03-31,2019-03,58.15,66.14,114.7835,13.71,446658.6,0.05660219811504241,0.03351581958789307,0.003233036479366902,-1.0699999999999985,-2947.4000000000233,7.990000000000002,-1.019999999999996,0.06717468916789304,0.11814270585989034
2019-04-30,2019-04,63.86,71.23,114.9037,13.12,460726.0,0.09366730832196257,0.07414037043661637,0.0010466409183695902,-0.5900000000000016,14067.400000000023,7.3700000000000045,-0.6199999999999974,0.05660219811504241,0.1286046093284432
2019-05-31,2019-05,60.83,71.32,115.9574,18.71,475034.2,-0.04861009895402191,0.0012627150046764513,0.00912849602647725,5.590000000000002,14308.200000000012,10.489999999999995,3.1199999999999903,0.09366730832196257,0.08841324443467855
2019-06-30,2019-06,54.66,64.22,115.4271,15.08,476475.25,-0.10695090783269201,-0.1048621043335709,-0.004583720417646653,-3.630000000000001,1441.0499999999884,9.560000000000002,-0.9299999999999926,-0.04861009895402191,0.0774924238201589
2019-07-31,2019-07,57.35,63.92,115.0776,16.12,449113.5,0.04804066307545796,-0.004682387203349236,-0.0030324784512529845,1.040000000000001,-27361.75,6.57,-2.990000000000002,-0.10695090783269201,0.07821161106123539
2019-08-31,2019-08,54.81,59.04,117.1004,18.98,433589.8,-0.0453001845173544,-0.07941712116580213,0.017425003073171297,2.8599999999999994,-15523.700000000012,4.229999999999997,-2.3400000000000034,0.04804066307545796,0.07763728394738205
2019-09-30,2019-09,56.95,62.83,117.3239,16.24,418843.5,0.03830103083516612,0.062217486122638554,0.0019067994889470086,-2.740000000000002,-14746.299999999988,5.8799999999999955,1.6499999999999986,-0.0453001845173544,0.0752721928457852
2019-10-31,2019-10,53.96,59.71,116.7463,13.22,433105.75,-0.053930658553636324,-0.05093315585595448,-0.004935281572650219,-3.019999999999998,14262.25,5.75,-0.12999999999999545,0.03830103083516612,0.05967862736562487
2019-11-30,2019-11,57.03,63.21,116.5595,12.62,449042.2,0.0553344138288927,0.05696300592530612,-0.0016013321564836147,-0.6000000000000014,15936.450000000012,6.18,0.4299999999999997,-0.053930658553636324,0.06714520776315819
2019-12-31,2019-12,59.88,67.31,115.9096,13.78,441501.5,0.048765114382979924,0.06284629753841475,-0.0055912953001371335,1.1600000000000001,-7540.700000000012,7.43,1.25,0.0553344138288927,0.05057445029766259
2020-01-31,2020-01,57.52,63.65,115.2794,18.84,430868.0,-0.04020984613863643,-0.05590948901920623,-0.005451829982596301,5.0600000000000005,-10633.5,6.1299999999999955,-1.3000000000000043,0.048765114382979924,0.051928598931984246
2020-02-29,2020-02,50.54,55.66,116.7105,40.11,443201.25,-0.12936761145274334,-0.13413756890567097,0.012337762579348599,21.27,12333.25,5.119999999999997,-1.009999999999998,-0.04020984613863643,0.07358236647374804
2020-03-31,2020-03,29.21,32.01,121.0227,53.54,457518.25,-0.5482539855603985,-0.5532134021159729,0.03628162176910088,13.43,14317.0,2.799999999999997,-2.3200000000000003,-0.12936761145274334,0.2249391655366434
2020-04-30,2020-04,16.55,18.38,123.2803,34.15,508564.75,-0.5681250145765775,-0.5547852370542308,0.01848249318642292,-19.39,51046.5,1.8299999999999983,-0.9699999999999989,-0.5482539855603985,0.28786926740572005
2020-05-31,2020-05,28.56,29.38,122.615,27.51,531391.6,0.5456210356483115,0.46905105381819023,-0.0054112593728063985,-6.639999999999997,22826.849999999977,0.8200000000000003,-1.009999999999998,-0.5681250145765775,0.41522765916173376
2020-06-30,2020-06,38.31,40.27,119.6766,30.43,537898.5,0.293703821241174,0.3152926041176318,-0.02425626038913098,2.919999999999998,6506.900000000023,1.9600000000000009,1.1400000000000006,0.5456210356483115,0.44551518346717073
2020-07-31,2020-07,40.71,43.24,118.69,24.46,530402.8,0.06076280380233001,0.07115921790764457,-0.008278052663298396,-5.969999999999999,-7495.699999999953,2.530000000000001,0.5700000000000003,0.293703821241174,0.4489604569492441
2020-08-31,2020-08,42.34,44.74,116.9453,26.41,508175.0,0.03925850319183155,0.034101963290976034,-0.014808747960367796,1.9499999999999993,-22227.800000000047,2.3999999999999986,-0.13000000000000256,0.06076280380233001,0.44884799763488653
2020-09-30,2020-09,39.63,40.91,116.3431,26.37,495827.75,-0.06614585850437527,-0.0894934241206764,-0.005162719942952698,-0.03999999999999915,-12347.25,1.279999999999994,-1.1200000000000045,0.03925850319183155,0.3743867204271308
2020-10-31,2020-10,39.4,40.19,115.7798,38.02,489399.8,-0.00582059089845588,-0.017756323480197622,-0.00485347292978755,11.650000000000002,-6427.950000000012,0.7899999999999991,-0.4899999999999949,-0.06614585850437527,0.23160979681896218
2020-11-30,2020-11,40.94,42.69,114.0984,20.57,488736.0,0.03834176392925537,0.06034649230876088,-0.014628877252624406,-17.450000000000003,-663.7999999999884,1.75,0.9600000000000009,-0.00582059089845588,0.12309546940036141
2020-12-31,2020-12,47.02,49.99,111.8992,22.75,499082.5,0.13846546287878025,0.15785828465560847,-0.019462767930750857,2.1799999999999997,10346.5,2.969999999999999,1.2199999999999989,0.03834176392925537,0.06825032152574478
2021-01-31,2021-01,52.0,54.77,111.4873,33.09,481309.0,0.10067067546950392,0.09131961337015149,-0.0036877829842989485,10.340000000000003,-17773.5,2.770000000000003,-0.19999999999999574,0.13846546287878025,0.07313324217345982
2021-02-28,2021-02,59.04,62.28,112.0171,27.95,469604.5,0.12697146171078932,0.12849774817016701,0.004740855144705236,-5.140000000000004,-11704.5,3.240000000000002,0.46999999999999886,0.10067067546950392,0.08109761778709954
2021-03-31,2021-03,62.33,65.41,113.3366,19.4,500937.0,0.05422767052854205,0.04903480500732371,0.011710613843782802,-8.55,31332.5,3.0799999999999983,-0.1600000000000037,0.12697146171078932,0.05602464701922142
2021-04-30,2021-04,61.72,64.81,112.6323,18.61,492395.4,-0.009834823325799213,-0.009215239533496344,-0.0062336213579952116,-0.7899999999999991,-8541.599999999977,3.0900000000000034,0.010000000000005116,0.05422767052854205,0.057201260772041775
2021-05-31,2021-05,65.17,68.53,111.2123,16.76,483580.25,0.05439121284932913,0.05581169315810719,-0.012687543487852615,-1.8499999999999979,-8815.150000000023,3.3599999999999994,0.269999999999996,-0.009834823325799213,0.05550509915536687
2021-06-30,2021-06,71.38,73.16,111.5777,15.83,463026.25,0.09101847771772498,0.065377217924933,0.003280221981574627,-0.9300000000000015,-20554.0,1.7800000000000011,-1.5799999999999983,0.05439121284932913,0.047943978843029686
2021-07-31,2021-07,72.49,75.17,113.0633,18.24,439513.2,0.015430903250772232,0.027103391666712717,0.013226629671083678,2.4099999999999984,-23513.04999999999,2.680000000000007,0.9000000000000057,0.09101847771772498,0.04949069936811447
2021-08-31,2021-08,67.73,70.75,113.4025,16.48,433070.0,-0.06791940808597374,-0.060599678666030776,0.002995598043095349,-1.759999999999998,-6443.200000000012,3.019999999999996,0.3399999999999892,0.015430903250772232,0.056548680182355114
2021-09-30,2021-09,71.65,74.49,113.4438,23.14,418454.5,0.056263941047368426,0.05151235166483836,0.0003641232010949125,6.66,-14615.5,2.839999999999989,-0.18000000000000682,-0.06791940808597374,0.05678003708657023
2021-10-31,2021-10,81.48,83.54,114.0635,16.26,427864.0,0.12856443708442455,0.11466067088084397,0.00544775075454762,-6.879999999999999,9409.5,2.0600000000000023,-0.7799999999999869,0.056263941047368426,0.06772134316215622
2021-11-30,2021-11,79.15,81.05,114.9898,27.19,433809.5,-0.02901280503158432,-0.03025931088734435,0.008088117915717064,10.93,5945.5,1.8999999999999915,-0.1600000000000108,0.12856443708442455,0.07399551146233871
2021-12-31,2021-12,71.71,74.17,115.8045,17.22,424514.6,-0.09871457843253761,-0.08870649243321793,0.00705999571010274,-9.970000000000002,-9294.900000000023,2.460000000000008,0.5600000000000165,-0.02901280503158432,0.08381929291287586
2022-01-31,2022-01,83.22,86.51,115.0373,24.83,414611.0,0.14885749566031148,0.15390025844381583,-0.006647000887535448,7.609999999999999,-9903.599999999977,3.2900000000000063,0.8299999999999983,-0.09871457843253761,0.10380419872744755
2022-02-28,2022-02,91.64,97.13,114.9977,30.15,412835.5,0.09638015403050026,0.11579027322195667,-0.00034429543670455587,5.32,-1775.5,5.489999999999995,2.1999999999999886,0.14885749566031148,0.09642994194997684
2022-03-31,2022-03,108.5,117.25,116.2908,20.56,412704.5,0.16888231539521925,0.1882581199121489,0.011181822471382219,-9.59,-131.0,8.75,3.260000000000005,0.09638015403050026,0.10806093527566828
2022-04-30,2022-04,101.78,104.58,117.1688,33.4,415601.6,-0.06393655181982805,-0.11435607856640395,0.007521679463588171,12.84,2897.0999999999767,2.799999999999997,-5.950000000000003,0.16888231539521925,0.11523483605411414
2022-05-31,2022-05,109.55,113.34,119.6962,26.19,419892.0,0.07356744488078881,0.08043982198148836,0.021341235930047553,-7.209999999999997,4290.400000000023,3.7900000000000063,0.9900000000000091,-0.06393655181982805,0.11100040267497101
2022-06-30,2022-06,114.84,122.71,120.0257,28.71,417341.5,0.047158789211388275,0.07943169724698329,0.0027490204900404436,2.5199999999999996,-2550.5,7.86999999999999,4.079999999999984,0.07356744488078881,0.08334699942693667
2022-07-31,2022-07,101.62,111.93,122.7512,21.33,425220.4,-0.12229948908727728,-0.09195017208728018,0.022453656075953177,-7.380000000000003,7878.900000000023,10.310000000000002,2.440000000000012,0.047158789211388275,0.10755589326172126
2022-08-31,2022-08,93.67,100.45,122.3177,25.87,424245.5,-0.08146239894454688,-0.10821358464023234,-0.0035377842895396583,4.540000000000003,-974.9000000000233,6.780000000000001,-3.530000000000001,-0.12229948908727728,0.11113821855101558
2022-09-30,2022-09,84.26,89.76,125.5946,31.62,429472.0,-0.1058707106701684,-0.11252064948655693,0.026437501174553013,5.75,5226.5,5.5,-1.2800000000000011,-0.08146239894454688,0.08230549733436988
2022-10-31,2022-10,87.55,93.33,127.4806,25.88,438303.5,0.038302802180989914,0.0390021578032691,0.014904936679434044,-5.740000000000002,8831.5,5.780000000000001,0.28000000000000114,-0.1058707106701684,0.08732110972229119
2022-11-30,2022-11,84.37,91.42,124.8527,20.58,431714.75,-0.03699817055432497,-0.02067732667405764,-0.02082955371562001,-5.300000000000001,-6588.75,7.049999999999997,1.269999999999996,0.038302802180989914,0.07279229668780753
2022-12-31,2022-12,76.44,80.92,122.2343,21.67,419171.8,-0.09870576880546356,-0.12200326060405331,-0.02119494769322028,1.0900000000000034,-12542.950000000012,4.480000000000004,-2.569999999999993,-0.03699817055432497,0.05961199415307489
2023-01-31,2023-01,78.12,82.5,119.8101,19.4,447214.5,0.02173998663640564,0.019337281041090115,-0.02003170544353683,-2.270000000000003,28042.70000000001,4.3799999999999955,-0.10000000000000853,-0.09870576880546356,0.06223904149977679
2023-02-28,2023-02,76.83,82.59,120.3084,20.7,471438.25,-0.016650917128933962,0.0010903144819911503,0.004150456673031044,1.3000000000000007,24223.75,5.760000000000005,1.3800000000000097,0.02173998663640564,0.059985359170763
2023-03-31,2023-03,73.28,78.43,120.745,18.7,476679.8,-0.04730746851366874,-0.05168210059805123,0.0036224378284979153,-2.0,5241.549999999988,5.150000000000006,-0.6099999999999994,-0.016650917128933962,0.04963413925521951
2023-04-30,2023-04,79.45,84.64,119.2451,15.78,464266.0,0.08084017261684995,0.07620046088541432,-0.012499845030381707,-2.92,-12413.799999999988,5.189999999999998,0.03999999999999204,-0.04730746851366874,0.061747678630860996
2023-05-31,2023-05,71.58,75.47,119.6293,17.94,461258.25,-0.10431218764484562,-0.11467174181321216,0.003216756013143751,2.160000000000002,-3007.75,3.8900000000000006,-1.2999999999999972,0.08084017261684995,0.07161357498515092
2023-06-30,2023-06,70.25,74.84,119.2969,13.59,459098.8,-0.018755397124023965,-0.008382724890887872,-0.0027824509363503225,-4.350000000000001,-2159.4500000000116,4.590000000000003,0.7000000000000028,-0.10431218764484562,0.06255764017541711
2023-07-31,2023-07,76.07,80.11,118.0492,13.63,453034.75,0.07959366079535446,0.06804818882113661,-0.010513857135206806,0.040000000000000924,-6064.049999999988,4.040000000000006,-0.5499999999999972,-0.018755397124023965,0.07280175055601783
2023-08-31,2023-08,81.39,86.15,119.8564,13.57,435439.0,0.06759844632974055,0.07268927274691261,0.01519287281903381,-0.0600000000000005,-17595.75,4.760000000000005,0.7199999999999989,0.07959366079535446,0.07791863575499271
2023-09-30,2023-09,89.43,93.72,121.6455,17.52,417207.0,0.0942037810191394,0.08422165066565679,0.014816717638556298,3.9499999999999993,-18232.0,4.289999999999992,-0.4700000000000131,0.06759844632974055,0.07865829529432733
2023-10-31,2023-10,85.64,90.6,123.4971,18.14,421750.0,-0.04330373263660814,-0.033857400590661335,0.01510659683430049,0.620000000000001,4543.0,4.959999999999994,0.6700000000000017,0.0942037810191394,0.07993616133766977
2023-11-30,2023-11,77.69,82.94,121.2221,12.92,443208.5,-0.0974259147591523,-0.08833675823069864,-0.018593273763922724,-5.220000000000001,21458.5,5.25,0.29000000000000625,-0.04330373263660814,0.07794819964689147
2023-12-31,2023-12,71.9,77.63,119.8331,12.45,439423.8,-0.0774502842353284,-0.06616350440064611,-0.011524458904752954,-0.47000000000000064,-3784.7000000000116,5.72999999999999,0.47999999999998977,-0.0974259147591523,0.0860869231558658
2024-01-31,2024-01,74.15,80.12,120.2274,14.35,426226.0,0.030813803856940325,0.031571560380028174,0.00328500819238009,1.9000000000000004,-13197.799999999988,5.969999999999999,0.2400000000000091,-0.0774502842353284,0.07956135070940618
2024-02-29,2024-02,77.25,83.48,121.0659,13.4,439252.25,0.04095684719391368,0.041081571411383244,0.006950075905200137,-0.9499999999999993,13026.25,6.230000000000004,0.2600000000000051,0.030813803856940325,0.07538254327913238
2024-03-31,2024-03,81.28,85.41,120.6588,13.01,448038.0,0.05085306805231671,0.022856107749055,-0.0033682977775431056,-0.39000000000000057,8785.75,4.1299999999999955,-2.1000000000000085,0.04095684719391368,0.06489487714779968
2024-04-30,2024-04,85.35,89.94,122.1428,15.65,457941.5,0.048860465410277776,0.05167959138450584,0.012224124382765211,2.6400000000000006,9903.5,4.590000000000003,0.46000000000000796,0.05085306805231671,0.06795405980277121
2024-05-31,2024-05,80.02,81.75,121.8583,12.92,457200.8,-0.06448384581136057,-0.09547697156519863,-0.002331957756965153,-2.7300000000000004,-740.7000000000116,1.730000000000004,-2.8599999999999994,0.048860465410277776,0.05934898830291984
2024-06-30,2024-06,79.77,82.25,123.7095,12.44,456498.0,-0.003129109506050831,0.00609757986811843,0.01507718086800569,-0.4800000000000004,-702.7999999999884,2.480000000000004,0.75,-0.06448384581136057,0.04465441920299431
2024-07-31,2024-07,81.8,85.15,123.3824,16.36,438714.0,0.025129749685663505,0.03465101746321597,-0.002647599464611794,3.92,-17784.0,3.3500000000000085,0.8700000000000045,-0.003129109506050831,0.04437007565647364
2024-08-31,2024-08,76.68,80.36,122.6137,15.0,425904.2,-0.06463632543125808,-0.05789786716196321,-0.0062497129185965505,-1.3599999999999994,-12809.799999999988,3.6799999999999926,0.3299999999999841,0.025129749685663505,0.05280445951838442
2024-09-30,2024-09,70.24,74.02,121.8849,16.73,416657.25,-0.08772296885058228,-0.08218121298872383,-0.005961605984710516,1.7300000000000004,-9246.950000000012,3.780000000000001,0.10000000000000853,-0.06463632543125808,0.05569234871307209
2024-10-31,2024-10,71.99,75.63,123.5953,23.16,423706.0,0.02460927115435041,0.021517702909927827,0.013935361622418263,6.43,7048.75,3.6400000000000006,-0.14000000000000057,-0.08772296885058228,0.049896613198065105
2024-11-30,2024-11,69.95,74.35,126.3113,13.51,427904.0,-0.02874651936972139,-0.01706935696177414,0.02173697646068984,-9.65,4198.0,4.3999999999999915,0.7599999999999909,0.02460927115435041,0.04675807977387164
2024-12-31,2024-12,70.12,73.86,127.5758,17.35,418836.5,0.002427358941543112,-0.006612263481746261,0.00996120288014879,3.8400000000000016,-9067.5,3.739999999999995,-0.6599999999999966,-0.02874651936972139,0.04726870540801156
2025-01-31,2025-01,75.74,79.27,128.8369,16.43,415580.2,0.07709836242061563,0.07068833742464697,0.009836565571404776,-0.9200000000000017,-3256.2999999999884,3.530000000000001,-0.20999999999999375,0.002427358941543112,0.060444659163307775
2025-02-28,2025-02,71.53,75.44,127.8758,19.63,431072.25,-0.05718948035335636,-0.04952210852386241,-0.007487782961161038,3.1999999999999993,15492.049999999988,3.9099999999999966,0.37999999999999545,0.07709836242061563,0.059232401405382565
2025-03-31,2025-03,68.24,72.73,126.243,22.28,436402.5,-0.047086038936869024,-0.036583684158753016,-0.012850859287948602,2.650000000000002,5330.25,4.490000000000009,0.5800000000000125,-0.05718948035335636,0.050459256796012444
2025-04-30,2025-04,63.54,68.13,124.1402,24.7,442179.25,-0.07136127434205353,-0.06533630938087231,-0.016797049005285558,2.419999999999998,5776.75,4.589999999999996,0.09999999999998721,-0.047086038936869024,0.05432925321003731
2025-05-31,2025-05,62.17,64.45,122.3422,18.57,439957.2,-0.021797060560124315,-0.055527915400380046,-0.014589535744492288,-6.129999999999999,-2222.0499999999884,2.280000000000001,-2.309999999999995,-0.07136127434205353,0.054200129111938805
2025-06-30,2025-06,68.17,71.44,120.5939,16.73,421853.5,0.09213201709344787,0.10296820718304733,-0.014393333741301362,-1.8399999999999999,-18103.70000000001,3.269999999999996,0.9899999999999949,-0.021797060560124315,0.0712111907614165
2025-07-31,2025-07,68.39,71.04,120.1127,16.72,423466.75,0.0032220297353111604,-0.005614837884329482,-0.003998233875044832,-0.010000000000001563,1613.25,2.6500000000000057,-0.6199999999999903,0.09213201709344787,0.05969464061045637
2025-08-31,2025-08,64.86,67.87,120.5758,15.36,422008.6,-0.05299551423083315,-0.04564898796824757,0.0038481320999546043,-1.3599999999999994,-1458.1500000000233,3.010000000000005,0.35999999999999943,0.0032220297353111604,0.059152199135587016
2025-09-30,2025-09,63.96,67.99,120.0291,16.28,417826.75,-0.013973212913418465,0.001766524822701676,-0.004544387423910834,0.9200000000000017,-4181.849999999977,4.029999999999994,1.019999999999989,-0.05299551423083315,0.05722019107230531
2025-10-31,2025-10,60.89,64.54,120.7618,17.44,420800.8,-0.049188930345270165,-0.05207544891455296,0.006085796941756705,1.1600000000000001,2974.0499999999884,3.6500000000000057,-0.37999999999998835,-0.013973212913418465,0.05309361250319802
2025-11-30,2025-11,60.06,63.8,121.4177,16.35,426542.0,-0.013724895065299059,-0.011531996273071776,0.005416656683856935,-1.0899999999999999,5741.200000000012,3.739999999999995,0.0899999999999892,-0.049188930345270165,0.05274786425785037
2025-12-31,2025-12,57.97,62.54,120.1883,14.95,424454.5,-0.03541842720354271,-0.019946838321049043,-0.010176987416190997,-1.4000000000000021,-2087.5,4.57,0.8300000000000054,-0.013724895065299059,0.02235299059129047
