Month,CrudeStocks
1982-08,337451.0
1982-09,335586.0
1982-10,332892.4
1982-11,327852.0
1982-12,334902.6
1983-01,334881.0
1983-02,340684.5
1983-03,338506.25
1983-04,337431.0
1983-05,344124.0
1983-06,333084.5
1983-07,326867.6
1983-08,320849.25
1983-09,328117.6
1983-10,330476.5
1983-11,335185.25
1983-12,328572.8
1984-01,327996.5
1984-02,320243.75
1984-03,312580.2
1984-04,322001.25
1984-05,332976.0
1984-06,337559.0
1984-07,333741.0
1984-08,327397.0
1984-09,313015.5
1984-10,316498.5
1984-11,326497.0
1984-12,324223.25
1985-01,322114.0
1985-02,302363.25
1985-03,306574.2
1985-04,309666.0
1985-05,330702.0
1985-06,328907.25
1985-07,314165.0
1985-08,301633.0
1985-09,292486.5
1985-10,297518.25
1985-11,291002.0
1985-12,298983.0
1986-01,302306.6
1986-02,307235.5
1986-03,316189.0
1986-04,316161.5
1986-05,309225.4
1986-06,304131.0
1986-07,303832.0
1986-08,312703.4
1986-09,309323.5
1986-10,318989.0
1986-11,318610.5
1986-12,315904.5
1987-01,309139.6
1987-02,309023.0
1987-03,309422.0
1987-04,305038.75
1987-05,302680.8
1987-06,302159.0
1987-07,303058.0
1987-08,305510.25
1987-09,313702.75
1987-10,316931.0
1987-11,335606.0
1987-12,338951.5
1988-01,322168.4
1988-02,318612.5
1988-03,326672.0
1988-04,333731.4
1988-05,342637.5
1988-06,342448.5
1988-07,335893.6
1988-08,325005.5
1988-09,307367.2
1988-10,311845.75
1988-11,322501.0
1988-12,318281.2
1989-01,305440.5
1989-02,307620.5
1989-03,314569.8
1989-04,309411.0
1989-05,324703.25
1989-06,320788.8
1989-07,313818.75
1989-08,315134.0
1989-09,314250.8
1989-10,320437.5
1989-11,325064.25
1989-12,326616.6
1990-01,325584.25
1990-02,328151.5
1990-03,334290.0
1990-04,350901.75
1990-05,359099.0
1990-06,367303.4
1990-07,369119.0
1990-08,360770.2
1990-09,350028.5
1990-10,329562.25
1990-11,328568.8
1990-12,319869.5
1991-01,307519.0
1991-02,313742.25
1991-03,319746.0
1991-04,324480.5
1991-05,328694.4
1991-06,336155.0
1991-07,331953.0
1991-08,331372.4
1991-09,322203.0
1991-10,326544.0
1991-11,329284.0
1991-12,320002.5
1992-01,318295.4
1992-02,320194.5
1992-03,329195.75
1992-04,329803.75
1992-05,333260.2
1992-06,324318.5
1992-07,311654.2
1992-08,312180.25
1992-09,309516.25
1992-10,310885.4
1992-11,306462.0
1992-12,308661.25
1993-01,304560.0
1993-02,313545.0
1993-03,321485.75
1993-04,327529.6
1993-05,334326.5
1993-06,332949.5
1993-07,336538.0
1993-08,329255.0
1993-09,319003.5
1993-10,313799.8
1993-11,316589.5
1993-12,326642.8
1994-01,314481.0
1994-02,314289.25
1994-03,317806.75
1994-04,320500.8
1994-05,316308.0
1994-06,309575.5
1994-07,313822.8
1994-08,310189.75
1994-09,311207.6
1994-10,321708.25
1994-11,325264.0
1994-12,318906.0
1995-01,310321.25
1995-02,307348.25
1995-03,312117.6
1995-04,319638.25
1995-05,314232.0
1995-06,304965.6
1995-07,299268.0
1995-08,290087.0
1995-09,291197.2
1995-10,282606.25
1995-11,293226.75
1995-12,294793.2
1996-01,289521.75
1996-02,285554.25
1996-03,282967.2
1996-04,281366.25
1996-05,285409.8
1996-06,291746.75
1996-07,294686.5
1996-08,293361.6
1996-09,290381.5
1996-10,285891.0
1996-11,288436.0
1996-12,278083.75
1997-01,273622.4
1997-02,286173.0
1997-03,289600.0
1997-04,297440.5
1997-05,304866.0
1997-06,306239.75
1997-07,300908.75
1997-08,293182.8
1997-09,285161.5
1997-10,289273.4
1997-11,300345.5
1997-12,300018.5
1998-01,297778.0
1998-02,307301.25
1998-03,309284.25
1998-04,321145.75
1998-05,331415.4
1998-06,327098.75
1998-07,323744.2
1998-08,324504.0
1998-09,306375.25
1998-10,315701.0
1998-11,322217.25
1998-12,321104.75
1999-01,311169.8
1999-02,316557.25
1999-03,323367.5
1999-04,324762.6
1999-05,316530.5
1999-06,316426.0
1999-07,314454.4
1999-08,303902.25
1999-09,293030.75
1999-10,285533.4
1999-11,287685.0
1999-12,277631.4
2000-01,274164.75
2000-02,269770.25
2000-03,276070.6
2000-04,286610.5
2000-05,292118.75
2000-06,280961.6
2000-07,276020.0
2000-08,270641.75
2000-09,271478.2
2000-10,269194.5
2000-11,270779.25
2000-12,274451.8
2001-01,269867.0
2001-02,266600.75
2001-03,275139.2
2001-04,296133.0
2001-05,305427.5
2001-06,299959.2
2001-07,296805.25
2001-08,287810.2
2001-09,288181.5
2001-10,289394.5
2001-11,294185.4
2001-12,293837.75
2002-01,297078.0
2002-02,302201.75
2002-03,305014.6
2002-04,306228.25
2002-05,303378.4
2002-06,305426.5
2002-07,296540.75
2002-08,285769.8
2002-09,269029.5
2002-10,264596.25
2002-11,270612.6
2002-12,269091.25
2003-01,258301.4
2003-02,255979.75
2003-03,257101.75
2003-04,265664.0
2003-05,270302.6
2003-06,268626.5
2003-07,262200.5
2003-08,263553.0
2003-09,262879.0
2003-10,272649.4
2003-11,272505.75
2003-12,257757.25
2004-01,250329.0
2004-02,256367.0
2004-03,269104.5
2004-04,280051.8
2004-05,283561.25
2004-06,287819.5
2004-07,285176.4
2004-08,275610.75
2004-09,260789.25
2004-10,264825.2
2004-11,276098.0
2004-12,277708.2
2005-01,277244.25
2005-02,280665.25
2005-03,291615.0
2005-04,305712.4
2005-05,316347.75
2005-06,312860.25
2005-07,304366.0
2005-08,305516.75
2005-09,292482.8
2005-10,297380.75
2005-11,304946.75
2005-12,305568.2
2006-01,303965.0
2006-02,309132.75
2006-03,323092.8
2006-04,329308.25
2006-05,329467.0
2006-06,328665.2
2006-07,318843.75
2006-08,315473.5
2006-09,311102.4
2006-10,316772.0
2006-11,321826.75
2006-12,312525.6
2007-01,303611.5
2007-02,308953.5
2007-03,310643.4
2007-04,316802.75
2007-05,325231.25
2007-06,330688.8
2007-07,332823.5
2007-08,318137.6
2007-09,303878.0
2007-10,300595.5
2007-11,294362.2
2007-12,278453.0
2008-01,270592.5
2008-02,286396.4
2008-03,296158.0
2008-04,298921.5
2008-05,300519.0
2008-06,283653.5
2008-07,277966.75
2008-08,284293.8
2008-09,276045.5
2008-10,291710.0
2008-11,299119.25
2008-12,302149.5
2009-01,315732.4
2009-02,332552.75
2009-03,336642.5
2009-04,349523.0
2009-05,350304.8
2009-06,337431.5
2009-07,328149.8
2009-08,327665.25
2009-09,318124.75
2009-10,319911.4
2009-11,319976.0
2009-12,312465.25
2010-01,308210.8
2010-02,315416.25
2010-03,327313.75
2010-04,336243.0
2010-05,342737.0
2010-06,342680.25
2010-07,336098.0
2010-08,336686.75
2010-09,337836.5
2010-10,342646.2
2010-11,339165.5
2010-12,322105.6
2011-01,316555.25
2011-02,324369.0
2011-03,330209.5
2011-04,338591.0
2011-05,349066.25
2011-06,342393.25
2011-07,332905.0
2011-08,331194.5
2011-09,321211.4
2011-10,314852.25
2011-11,312900.5
2011-12,307738.8
2012-01,309300.25
2012-02,315370.25
2012-03,325457.4
2012-04,344968.0
2012-05,357930.75
2012-06,359457.6
2012-07,351334.25
2012-08,337643.6
2012-09,337531.0
2012-10,344173.75
2012-11,347231.4
2012-12,341113.0
2013-01,335311.0
2013-02,346048.0
2013-03,355997.6
2013-04,361220.75
2013-05,366023.6
2013-06,362836.0
2013-07,338944.75
2013-08,332419.8
2013-09,330400.5
2013-10,348118.0
2013-11,358396.2
2013-12,339051.0
2014-01,323861.0
2014-02,331104.0
2014-03,345435.25
2014-04,362037.25
2014-05,362402.6
2014-06,354869.0
2014-07,342269.5
2014-08,331594.4
2014-09,327705.5
2014-10,342701.4
2014-11,348156.75
2014-12,350872.75
2015-01,363976.0
2015-02,396376.25
2015-03,427918.0
2015-04,453767.5
2015-05,449211.4
2015-06,434569.5
2015-07,429155.4
2015-08,422227.75
2015-09,424510.25
2015-10,441814.2
2015-11,455785.75
2015-12,454872.5
2016-01,458442.2
2016-02,476630.75
2016-03,497084.0
2016-04,506509.6
2016-05,507015.0
2016-06,499672.5
2016-07,491227.0
2016-08,492907.5
2016-09,475209.8
2016-10,473351.25
2016-11,488117.0
2016-12,483894.6
2017-01,487905.75
2017-02,516394.5
2017-03,531835.8
2017-04,530548.5
2017-05,517387.25
2017-06,509195.0
2017-07,487819.0
2017-08,465716.75
2017-09,467875.0
2017-10,457737.0
2017-11,456748.75
2017-12,436785.0
2018-01,415527.75
2018-02,421581.5
2018-03,428084.2
2018-04,430474.25
2018-05,434689.0
2018-06,426013.8
2018-07,407502.25
2018-08,407444.6
2018-09,397571.0
2018-10,418795.75
2018-11,442879.8
2018-12,441560.0
2019-01,441940.5
2019-02,449606.0
2019-03,446658.6
2019-04,460726.0
2019-05,475034.2
2019-06,476475.25
2019-07,449113.5
2019-08,433589.8
2019-09,418843.5
2019-10,433105.75
2019-11,449042.2
2019-12,441501.5
2020-01,430868.0
2020-02,443201.25
2020-03,457518.25
2020-04,508564.75
2020-05,531391.6
2020-06,537898.5
2020-07,530402.8
2020-08,508175.0
2020-09,495827.75
2020-10,489399.8
2020-11,488736.0
2020-12,499082.5
2021-01,481309.0
2021-02,469604.5
2021-03,500937.0
2021-04,492395.4
2021-05,483580.25
2021-06,463026.25
2021-07,439513.2
2021-08,433070.0
2021-09,418454.5
2021-10,427864.0
2021-11,433809.5
2021-12,424514.6
2022-01,414611.0
2022-02,412835.5
2022-03,412704.5
2022-04,415601.6
2022-05,419892.0
2022-06,417341.5
2022-07,425220.4
2022-08,424245.5
2022-09,429472.0
2022-10,438303.5
2022-11,431714.75
2022-12,419171.8
2023-01,447214.5
2023-02,471438.25
2023-03,476679.8
2023-04,464266.0
2023-05,461258.25
2023-06,459098.8
2023-07,453034.75
2023-08,435439.0
2023-09,417207.0
2023-10,421750.0
2023-11,443208.5
2023-12,439423.8
2024-01,426226.0
2024-02,439252.25
2024-03,448038.0
2024-04,457941.5
2024-05,457200.8
2024-06,456498.0
2024-07,438714.0
2024-08,425904.2
2024-09,416657.25
2024-10,423706.0
2024-11,427904.0
2024-12,418836.5
2025-01,415580.2
2025-02,431072.25
2025-03,436402.5
2025-04,442179.25
2025-05,439957.2
2025-06,421853.5
2025-07,423466.75
2025-08,422008.6
2025-09,417826.75
2025-10,420800.8
2025-11,426542.0
2025-12,424454.5
2026-01,422321.0
2026-02,430931.75
2026-03,452545.75
2026-04,463436.25
2026-05,446093.8
2026-06,416300.0
